[
{
  "model": "contenttypes.contenttype",
  "pk": 1,
  "fields": {
    "app_label": "admin",
    "model": "logentry"
  }
},
{
  "model": "contenttypes.contenttype",
  "pk": 2,
  "fields": {
    "app_label": "auth",
    "model": "permission"
  }
},
{
  "model": "contenttypes.contenttype",
  "pk": 3,
  "fields": {
    "app_label": "auth",
    "model": "group"
  }
},
{
  "model": "contenttypes.contenttype",
  "pk": 4,
  "fields": {
    "app_label": "contenttypes",
    "model": "contenttype"
  }
},
{
  "model": "contenttypes.contenttype",
  "pk": 5,
  "fields": {
    "app_label": "sessions",
    "model": "session"
  }
},
{
  "model": "contenttypes.contenttype",
  "pk": 6,
  "fields": {
    "app_label": "sites",
    "model": "site"
  }
},
{
  "model": "contenttypes.contenttype",
  "pk": 7,
  "fields": {
    "app_label": "redirects",
    "model": "redirect"
  }
},
{
  "model": "contenttypes.contenttype",
  "pk": 8,
  "fields": {
    "app_label": "flatpages",
    "model": "flatpage"
  }
},
{
  "model": "contenttypes.contenttype",
  "pk": 9,
  "fields": {
    "app_label": "shop",
    "model": "trouser"
  }
},
{
  "model": "contenttypes.contenttype",
  "pk": 10,
  "fields": {
    "app_label": "shop",
    "model": "trouservariant"
  }
},
{
  "model": "contenttypes.contenttype",
  "pk": 11,
  "fields": {
    "app_label": "shop",
    "model": "trousermeta"
  }
},
{
  "model": "contenttypes.contenttype",
  "pk": 12,
  "fields": {
    "app_label": "menu",
    "model": "menu"
  }
},
{
  "model": "contenttypes.contenttype",
  "pk": 13,
  "fields": {
    "app_label": "contents",
    "model": "image"
  }
},
{
  "model": "contenttypes.contenttype",
  "pk": 14,
  "fields": {
    "app_label": "accounts",
    "model": "user"
  }
},
{
  "model": "contenttypes.contenttype",
  "pk": 15,
  "fields": {
    "app_label": "taggit",
    "model": "tag"
  }
},
{
  "model": "contenttypes.contenttype",
  "pk": 16,
  "fields": {
    "app_label": "taggit",
    "model": "taggeditem"
  }
},
{
  "model": "contenttypes.contenttype",
  "pk": 17,
  "fields": {
    "app_label": "admin_honeypot",
    "model": "loginattempt"
  }
},
{
  "model": "contenttypes.contenttype",
  "pk": 18,
  "fields": {
    "app_label": "thumbnail",
    "model": "kvstore"
  }
},
{
  "model": "contenttypes.contenttype",
  "pk": 19,
  "fields": {
    "app_label": "accounts",
    "model": "emailactivation"
  }
},
{
  "model": "contenttypes.contenttype",
  "pk": 20,
  "fields": {
    "app_label": "django_celery_beat",
    "model": "crontabschedule"
  }
},
{
  "model": "contenttypes.contenttype",
  "pk": 21,
  "fields": {
    "app_label": "django_celery_beat",
    "model": "intervalschedule"
  }
},
{
  "model": "contenttypes.contenttype",
  "pk": 22,
  "fields": {
    "app_label": "django_celery_beat",
    "model": "periodictask"
  }
},
{
  "model": "contenttypes.contenttype",
  "pk": 23,
  "fields": {
    "app_label": "django_celery_beat",
    "model": "periodictasks"
  }
},
{
  "model": "contenttypes.contenttype",
  "pk": 24,
  "fields": {
    "app_label": "django_celery_beat",
    "model": "solarschedule"
  }
},
{
  "model": "contenttypes.contenttype",
  "pk": 25,
  "fields": {
    "app_label": "django_celery_beat",
    "model": "clockedschedule"
  }
},
{
  "model": "contenttypes.contenttype",
  "pk": 26,
  "fields": {
    "app_label": "accounts",
    "model": "guestemail"
  }
},
{
  "model": "contenttypes.contenttype",
  "pk": 27,
  "fields": {
    "app_label": "billing",
    "model": "billingprofile"
  }
},
{
  "model": "contenttypes.contenttype",
  "pk": 28,
  "fields": {
    "app_label": "addresses",
    "model": "address"
  }
},
{
  "model": "contenttypes.contenttype",
  "pk": 29,
  "fields": {
    "app_label": "orders",
    "model": "order"
  }
},
{
  "model": "contenttypes.contenttype",
  "pk": 30,
  "fields": {
    "app_label": "orders",
    "model": "orderitem"
  }
},
{
  "model": "sessions.session",
  "pk": "4p4gzx1jclxpo94h3q3v6dd0afnwt2ji",
  "fields": {
    "session_data": "MjdjYjQzYTZjOWMzMTFiNGJhODgwMzRlOTE0OTk5M2YzYjk2MzQxMTp7ImNhcnQiOnt9fQ==",
    "expire_date": "2020-11-25T13:05:09.616Z"
  }
},
{
  "model": "sessions.session",
  "pk": "4y3qx7svb32rynhlmwkhweq9wsvv3orz",
  "fields": {
    "session_data": "MjdjYjQzYTZjOWMzMTFiNGJhODgwMzRlOTE0OTk5M2YzYjk2MzQxMTp7ImNhcnQiOnt9fQ==",
    "expire_date": "2020-11-26T04:49:09.580Z"
  }
},
{
  "model": "sessions.session",
  "pk": "6g0dk3qd11cd4szmtdqbz8zwpb5er5oq",
  "fields": {
    "session_data": "NmFjZDdmODgyZTQ3ZGQwMDhkNTBiMzhiNmZkZGJjNWYyMzA5MzcyNDp7ImNhcnQiOnsiMSI6eyJzaXplIjpbIjMwIl0sInF1YW50aXR5IjpbMV0sInByaWNlIjoiMjAwMC4yMyJ9fSwiZ3Vlc3RfZW1haWxfaWQiOjUsIm9yZGVyX2lkIjoxOH0=",
    "expire_date": "2020-12-04T19:24:53.102Z"
  }
},
{
  "model": "sessions.session",
  "pk": "7aniz4bm889w1ly1gcmbj88ypjf0rweu",
  "fields": {
    "session_data": "MjdjYjQzYTZjOWMzMTFiNGJhODgwMzRlOTE0OTk5M2YzYjk2MzQxMTp7ImNhcnQiOnt9fQ==",
    "expire_date": "2020-11-23T13:20:40.877Z"
  }
},
{
  "model": "sessions.session",
  "pk": "8e89dnzkh4pj9pg3a34e7dwah724x44u",
  "fields": {
    "session_data": "YzMwY2RiNmQ3M2VhMDE0YTcwNTgxMmFjNzQ4YzMyM2E5ZGE3N2JjODp7Il9hdXRoX3VzZXJfaWQiOiIxIiwiX2F1dGhfdXNlcl9iYWNrZW5kIjoiZGphbmdvLmNvbnRyaWIuYXV0aC5iYWNrZW5kcy5Nb2RlbEJhY2tlbmQiLCJfYXV0aF91c2VyX2hhc2giOiI0OWM1NzQ4ZGM2NDY1YzcxZDFhMjY0YzhiYjBmZDg4ZDNkODM1MjQwIiwiY2FydCI6e319",
    "expire_date": "2020-11-25T08:14:09.493Z"
  }
},
{
  "model": "sessions.session",
  "pk": "9w6jvboycyy2pkomgvbdvz1b6t9c6yd1",
  "fields": {
    "session_data": "MjdjYjQzYTZjOWMzMTFiNGJhODgwMzRlOTE0OTk5M2YzYjk2MzQxMTp7ImNhcnQiOnt9fQ==",
    "expire_date": "2020-11-23T13:18:18.326Z"
  }
},
{
  "model": "sessions.session",
  "pk": "djh3dk4kgkiyofp0224c3cmu1331dpe4",
  "fields": {
    "session_data": "MjdjYjQzYTZjOWMzMTFiNGJhODgwMzRlOTE0OTk5M2YzYjk2MzQxMTp7ImNhcnQiOnt9fQ==",
    "expire_date": "2020-11-27T08:30:11.333Z"
  }
},
{
  "model": "sessions.session",
  "pk": "hhcejatryki3chcysrym5v8vjiwhtw0i",
  "fields": {
    "session_data": "MjVlZWIwMDJkMzdlOGIzNDcxNGEyZDg2YzIzOWRiNTljMDdjMjE5ODp7ImNhcnQiOnt9LCJfYXV0aF91c2VyX2lkIjoiMSIsIl9hdXRoX3VzZXJfYmFja2VuZCI6ImRqYW5nby5jb250cmliLmF1dGguYmFja2VuZHMuTW9kZWxCYWNrZW5kIiwiX2F1dGhfdXNlcl9oYXNoIjoiNDljNTc0OGRjNjQ2NWM3MWQxYTI2NGM4YmIwZmQ4OGQzZDgzNTI0MCJ9",
    "expire_date": "2020-11-23T07:24:06.727Z"
  }
},
{
  "model": "sessions.session",
  "pk": "hivly41h6edx3pommtccgjj48ohblhxa",
  "fields": {
    "session_data": "MjdjYjQzYTZjOWMzMTFiNGJhODgwMzRlOTE0OTk5M2YzYjk2MzQxMTp7ImNhcnQiOnt9fQ==",
    "expire_date": "2020-12-04T10:27:50.635Z"
  }
},
{
  "model": "sessions.session",
  "pk": "kjtej41jloozlir1qvx8mpbuvss18vfz",
  "fields": {
    "session_data": "MjdjYjQzYTZjOWMzMTFiNGJhODgwMzRlOTE0OTk5M2YzYjk2MzQxMTp7ImNhcnQiOnt9fQ==",
    "expire_date": "2020-11-24T14:46:55.309Z"
  }
},
{
  "model": "sessions.session",
  "pk": "klfd7c699gvmfnuvim2nyp4nd7dcigdc",
  "fields": {
    "session_data": "YjM5MTE5YThlMmRiNWY3MWY5ZTRiMzcwYTdmNThkYzUwZTIwZTdjZTp7ImNhcnQiOnsiMyI6eyJzaXplIjpbIjMyIl0sInF1YW50aXR5IjpbMV0sInByaWNlIjoiNDUwMC4wMCJ9fX0=",
    "expire_date": "2020-11-25T13:37:51.944Z"
  }
},
{
  "model": "sessions.session",
  "pk": "lsm4c4syrs6s8qzuhexazuuepizux2pv",
  "fields": {
    "session_data": "NWM1Mjc3MDhhMmMyODBjMThjMTI3ODlhZDUwOTRlMjI0NjU4ZGU5MDp7ImNhcnQiOnsiMiI6eyJzaXplIjpbIjMwIl0sInF1YW50aXR5IjpbMV0sInByaWNlIjo1MDAwLjAsInRyb3VzZXIiOiJCbGFjayBDMiBDQVJHTyIsInRvdGFsX3ByaWNlIjpbNTAwMC4wXSwiaWQiOjJ9LCIxIjp7InNpemUiOlsiMzAiLCIzMiJdLCJxdWFudGl0eSI6WzEsMV0sInByaWNlIjoyMDAwLjIzLCJ0cm91c2VyIjoiUmVkIEMyIENBUkdPIiwidG90YWxfcHJpY2UiOlsyMDAwLjIzLDIwMDAuMjNdLCJpZCI6MX19LCJndWVzdF9lbWFpbF9pZCI6Niwib3JkZXJfaWQiOjE5LCJfYXV0aF91c2VyX2lkIjoiMSIsIl9hdXRoX3VzZXJfYmFja2VuZCI6ImRqYW5nby5jb250cmliLmF1dGguYmFja2VuZHMuTW9kZWxCYWNrZW5kIiwiX2F1dGhfdXNlcl9oYXNoIjoiNDljNTc0OGRjNjQ2NWM3MWQxYTI2NGM4YmIwZmQ4OGQzZDgzNTI0MCJ9",
    "expire_date": "2020-12-08T00:01:04.258Z"
  }
},
{
  "model": "sessions.session",
  "pk": "ntg0qyxkhxcjbwhqq42l78ya2jaiqolt",
  "fields": {
    "session_data": "ZDg5NDBmM2NiZTU2NTA2NjNiNThiZjMwOTU3MmY3NzZmNmMzZWFkOTp7ImNhcnQiOnsiMSI6eyJzaXplIjpbIjMwIl0sInF1YW50aXR5IjpbMl0sInByaWNlIjoyMDAwLjIzLCJ0cm91c2VyIjoiUmVkIEMyIENBUkdPIiwiaWQiOjEsInRvdGFsX3ByaWNlIjpbNDAwMC40Nl19fSwiZ3Vlc3RfZW1haWxfaWQiOjcsIm9yZGVyX2lkIjoyMX0=",
    "expire_date": "2020-12-06T15:12:20.235Z"
  }
},
{
  "model": "sessions.session",
  "pk": "o699u2ixbaon2n52mj76is7jpigsrxm2",
  "fields": {
    "session_data": "MjVlZWIwMDJkMzdlOGIzNDcxNGEyZDg2YzIzOWRiNTljMDdjMjE5ODp7ImNhcnQiOnt9LCJfYXV0aF91c2VyX2lkIjoiMSIsIl9hdXRoX3VzZXJfYmFja2VuZCI6ImRqYW5nby5jb250cmliLmF1dGguYmFja2VuZHMuTW9kZWxCYWNrZW5kIiwiX2F1dGhfdXNlcl9oYXNoIjoiNDljNTc0OGRjNjQ2NWM3MWQxYTI2NGM4YmIwZmQ4OGQzZDgzNTI0MCJ9",
    "expire_date": "2020-12-08T00:01:30.670Z"
  }
},
{
  "model": "sessions.session",
  "pk": "oqliqyrkkw276jkvo7f21uvpnc5pmdco",
  "fields": {
    "session_data": "MjdjYjQzYTZjOWMzMTFiNGJhODgwMzRlOTE0OTk5M2YzYjk2MzQxMTp7ImNhcnQiOnt9fQ==",
    "expire_date": "2020-11-25T09:42:55.589Z"
  }
},
{
  "model": "sessions.session",
  "pk": "ux3cisp0rop5xscqn5puy63bkx8maanr",
  "fields": {
    "session_data": "MjZlNDNhY2ZjYTc5MDFkYzQ3MGUxYzdkZDI0NDhiNjE2NDE3N2UzOTp7ImNhcnQiOnsiMSI6eyJzaXplIjpbIjMwIl0sInF1YW50aXR5IjpbMV0sInByaWNlIjoiMjAwMC4yMyJ9fSwiZ3Vlc3RfZW1haWxfaWQiOjIsIm9yZGVyX2lkIjoxN30=",
    "expire_date": "2020-12-04T12:19:04.644Z"
  }
},
{
  "model": "sessions.session",
  "pk": "w2609h6xnye6vsvu07eyr140ej7cfrwa",
  "fields": {
    "session_data": "MjVlZWIwMDJkMzdlOGIzNDcxNGEyZDg2YzIzOWRiNTljMDdjMjE5ODp7ImNhcnQiOnt9LCJfYXV0aF91c2VyX2lkIjoiMSIsIl9hdXRoX3VzZXJfYmFja2VuZCI6ImRqYW5nby5jb250cmliLmF1dGguYmFja2VuZHMuTW9kZWxCYWNrZW5kIiwiX2F1dGhfdXNlcl9oYXNoIjoiNDljNTc0OGRjNjQ2NWM3MWQxYTI2NGM4YmIwZmQ4OGQzZDgzNTI0MCJ9",
    "expire_date": "2020-11-26T04:40:44.670Z"
  }
},
{
  "model": "sessions.session",
  "pk": "x6l0a4gsk1ksriq739oim04hk8fpfk7q",
  "fields": {
    "session_data": "NGFhNTNlNzc2YzU1YjE0YmM1Zjc0NGRjNjg2ZmYzNDAxNTk1NzhjZjp7ImNhcnQiOnsiMSI6eyJzaXplIjpbIjMwIl0sInF1YW50aXR5IjpbNV0sInByaWNlIjoyMDAwLjIzLCJ0b3RhbF9wcmljZSI6WzEwMDAxLjE1XSwidHJvdXNlciI6IlJlZCBDMiBDQVJHTyIsImlkIjoxfSwiMyI6eyJzaXplIjpbIjMyIl0sInF1YW50aXR5IjpbMV0sInByaWNlIjo0NTAwLjAsInRyb3VzZXIiOiJDcmltc29uIEM1IENBUkdPIiwidG90YWxfcHJpY2UiOls0NTAwLjBdLCJpZCI6M319LCJfYXV0aF91c2VyX2lkIjoiMzAiLCJfYXV0aF91c2VyX2JhY2tlbmQiOiJkamFuZ28uY29udHJpYi5hdXRoLmJhY2tlbmRzLk1vZGVsQmFja2VuZCIsIl9hdXRoX3VzZXJfaGFzaCI6Ijg2MjFhMWRkMDVlMzJmNzZkZDFmOWJlZmJlMWI4NzU3M2FjZjU5YzMiLCJvcmRlcl9pZCI6MjB9",
    "expire_date": "2020-12-06T14:55:22.457Z"
  }
},
{
  "model": "sessions.session",
  "pk": "y0n70foubakcjb8qw64viobiou6t8bo4",
  "fields": {
    "session_data": "MjdjYjQzYTZjOWMzMTFiNGJhODgwMzRlOTE0OTk5M2YzYjk2MzQxMTp7ImNhcnQiOnt9fQ==",
    "expire_date": "2020-11-27T08:29:01.909Z"
  }
},
{
  "model": "sessions.session",
  "pk": "zwjkfm6uwsf2fvwq9jtct7g5vorymr1t",
  "fields": {
    "session_data": "MjdjYjQzYTZjOWMzMTFiNGJhODgwMzRlOTE0OTk5M2YzYjk2MzQxMTp7ImNhcnQiOnt9fQ==",
    "expire_date": "2020-11-25T13:30:59.476Z"
  }
},
{
  "model": "sites.site",
  "pk": 1,
  "fields": {
    "domain": "127.0.0.1:8000",
    "name": "127.0.0.1:8000"
  }
},
{
  "model": "sites.site",
  "pk": 2,
  "fields": {
    "domain": "192.168.43.184:8000",
    "name": "192.168.43.184:8000"
  }
},
{
  "model": "redirects.redirect",
  "pk": 1,
  "fields": {
    "site": 1,
    "old_path": "/",
    "new_path": "/shop/"
  }
},
{
  "model": "redirects.redirect",
  "pk": 2,
  "fields": {
    "site": 1,
    "old_path": "/shop/collections/",
    "new_path": "/shop/categories/collections/"
  }
},
{
  "model": "shop.trouser",
  "pk": 1,
  "fields": {
    "name": "C2 CARGO",
    "slug": "c2-cargo",
    "category": 4,
    "description": "<p><span style=\"color: #34495e; font-family: 'comic sans ms', sans-serif; font-size: 16px;\">The LK2 Cargo Pants are designed with a customdeveloped synthetic fabric and featured a mesh lining, extended inseam for stacking throughout, with cargo pocket at side seam, an elastic waistband, and finished with % bungee cords that run halflength of the garment that each have 5 black plastic toggles to help with the stacking throughout. These pants also feature a zipper design around the knee, you can zip out the bungee lower part to change it as a pair of shorts.</span></p>\r\n<p><span style=\"box-sizing: border-box; font-family: 'comic sans ms', sans-serif; color: #34495e; font-size: 12pt;\"><span style=\"box-sizing: border-box; font-weight: bolder;\">Details</span></span></p>\r\n<ul>\r\n<li><span style=\"box-sizing: border-box; font-family: 'comic sans ms', sans-serif; color: #34495e; font-size: 12pt;\">relaxed fit</span></li>\r\n<li><span style=\"box-sizing: border-box; font-family: 'comic sans ms', sans-serif; color: #34495e; font-size: 12pt;\">5 Pockets</span></li>\r\n<li><span style=\"box-sizing: border-box; font-family: 'comic sans ms', sans-serif; color: #34495e; font-size: 12pt;\">100% nylon</span></li>\r\n<li><span style=\"box-sizing: border-box; font-family: 'comic sans ms', sans-serif; color: #34495e; font-size: 12pt;\">elastic waistband</span></li>\r\n<li><span style=\"box-sizing: border-box; font-family: 'comic sans ms', sans-serif; color: #34495e; font-size: 12pt;\">fits truetosize, go one size up for baggy fit</span></li>\r\n<li><span style=\"box-sizing: border-box; font-family: 'comic sans ms', sans-serif; color: #34495e; font-size: 12pt;\">model is 5'11(180cm), 154 lbs(70kg) and wears a size 30</span></li>\r\n</ul>\r\n<p><em style=\"font-size: 10pt; text-align: justify; box-sizing: border-box;\"><span style=\"box-sizing: border-box; font-family: 'comic sans ms', sans-serif; color: #34495e;\">*for tight fit, please go for smaller</span></em></p>",
    "is_bestseller": true,
    "is_back": true,
    "is_featured": true,
    "is_discounted": false,
    "available": true,
    "created": "2020-10-25T20:26:48.109Z",
    "updated": "2020-11-12T17:20:05.558Z"
  }
},
{
  "model": "shop.trouser",
  "pk": 2,
  "fields": {
    "name": "C5 CARGO",
    "slug": "c5-cargo",
    "category": 4,
    "description": "<p><span style=\"color: #34495e; font-family: 'comic sans ms', sans-serif; font-size: 16px;\">The LK2 Cargo Pants are designed with a customdeveloped synthetic fabric and featured a mesh lining, extended inseam for stacking throughout, with cargo pocket at side seam, an elastic waistband, and finished with % bungee cords that run halflength of the garment that each have 5 black plastic toggles to help with the stacking throughout. These pants also feature a zipper design around the knee, you can zip out the bungee lower part to change it as a pair of shorts.</span></p>\r\n<p><span style=\"box-sizing: border-box; font-family: 'comic sans ms', sans-serif; color: #34495e; font-size: 12pt;\"><span style=\"box-sizing: border-box; font-weight: bolder;\">Details</span></span></p>\r\n<ul>\r\n<li><span style=\"box-sizing: border-box; font-family: 'comic sans ms', sans-serif; color: #34495e; font-size: 12pt;\">relaxed fit</span></li>\r\n<li><span style=\"box-sizing: border-box; font-family: 'comic sans ms', sans-serif; color: #34495e; font-size: 12pt;\">5 Pockets</span></li>\r\n<li><span style=\"box-sizing: border-box; font-family: 'comic sans ms', sans-serif; color: #34495e; font-size: 12pt;\">100% nylon</span></li>\r\n<li><span style=\"box-sizing: border-box; font-family: 'comic sans ms', sans-serif; color: #34495e; font-size: 12pt;\">elastic waistband</span></li>\r\n<li><span style=\"box-sizing: border-box; font-family: 'comic sans ms', sans-serif; color: #34495e; font-size: 12pt;\">fits truetosize, go one size up for baggy fit</span></li>\r\n<li><span style=\"box-sizing: border-box; font-family: 'comic sans ms', sans-serif; color: #34495e; font-size: 12pt;\">model is 5'11(180cm), 154 lbs(70kg) and wears a size 30</span></li>\r\n</ul>\r\n<p><em style=\"font-size: 10pt; text-align: justify; box-sizing: border-box;\"><span style=\"box-sizing: border-box; font-family: 'comic sans ms', sans-serif; color: #34495e;\">*for tight fit, please go for smaller</span></em></p>",
    "is_bestseller": true,
    "is_back": false,
    "is_featured": true,
    "is_discounted": false,
    "available": true,
    "created": "2020-10-26T00:05:17.804Z",
    "updated": "2020-11-05T11:33:06.387Z"
  }
},
{
  "model": "shop.trouser",
  "pk": 3,
  "fields": {
    "name": "C25 CARGO",
    "slug": "c25-cargo",
    "category": 4,
    "description": "<p><span style=\"color: #34495e; font-family: 'comic sans ms', sans-serif; font-size: 16px;\">The LK2 Cargo Pants are designed with a customdeveloped synthetic fabric and featured a mesh lining, extended inseam for stacking throughout, with cargo pocket at side seam, an elastic waistband, and finished with % bungee cords that run halflength of the garment that each have 5 black plastic toggles to help with the stacking throughout. These pants also feature a zipper design around the knee, you can zip out the bungee lower part to change it as a pair of shorts.</span></p>\r\n<p><span style=\"box-sizing: border-box; font-family: 'comic sans ms', sans-serif; color: #34495e; font-size: 12pt;\"><span style=\"box-sizing: border-box; font-weight: bolder;\">Details</span></span></p>\r\n<ul>\r\n<li><span style=\"box-sizing: border-box; font-family: 'comic sans ms', sans-serif; color: #34495e; font-size: 12pt;\">relaxed fit</span></li>\r\n<li><span style=\"box-sizing: border-box; font-family: 'comic sans ms', sans-serif; color: #34495e; font-size: 12pt;\">5 Pockets</span></li>\r\n<li><span style=\"box-sizing: border-box; font-family: 'comic sans ms', sans-serif; color: #34495e; font-size: 12pt;\">100% nylon</span></li>\r\n<li><span style=\"box-sizing: border-box; font-family: 'comic sans ms', sans-serif; color: #34495e; font-size: 12pt;\">elastic waistband</span></li>\r\n<li><span style=\"box-sizing: border-box; font-family: 'comic sans ms', sans-serif; color: #34495e; font-size: 12pt;\">fits truetosize, go one size up for baggy fit</span></li>\r\n<li><span style=\"box-sizing: border-box; font-family: 'comic sans ms', sans-serif; color: #34495e; font-size: 12pt;\">model is 5'11(180cm), 154 lbs(70kg) and wears a size 30</span></li>\r\n</ul>\r\n<p><em style=\"font-size: 10pt; text-align: justify; box-sizing: border-box;\"><span style=\"box-sizing: border-box; font-family: 'comic sans ms', sans-serif; color: #34495e;\">*for tight fit, please go for smaller</span></em></p>",
    "is_bestseller": true,
    "is_back": true,
    "is_featured": false,
    "is_discounted": false,
    "available": true,
    "created": "2020-11-24T00:15:09.637Z",
    "updated": "2020-11-24T00:15:09.637Z"
  }
},
{
  "model": "shop.trouser",
  "pk": 4,
  "fields": {
    "name": "N15 CARGO",
    "slug": "n15-cargo",
    "category": 6,
    "description": "<p><span style=\"color: #34495e; font-family: 'comic sans ms', sans-serif; font-size: 16px;\">The LK2 Cargo Pants are designed with a customdeveloped synthetic fabric and featured a mesh lining, extended inseam for stacking throughout, with cargo pocket at side seam, an elastic waistband, and finished with % bungee cords that run halflength of the garment that each have 5 black plastic toggles to help with the stacking throughout. These pants also feature a zipper design around the knee, you can zip out the bungee lower part to change it as a pair of shorts.</span></p>\r\n<p><span style=\"box-sizing: border-box; font-family: 'comic sans ms', sans-serif; color: #34495e; font-size: 12pt;\"><span style=\"box-sizing: border-box; font-weight: bolder;\">Details</span></span></p>\r\n<ul>\r\n<li><span style=\"box-sizing: border-box; font-family: 'comic sans ms', sans-serif; color: #34495e; font-size: 12pt;\">relaxed fit</span></li>\r\n<li><span style=\"box-sizing: border-box; font-family: 'comic sans ms', sans-serif; color: #34495e; font-size: 12pt;\">5 Pockets</span></li>\r\n<li><span style=\"box-sizing: border-box; font-family: 'comic sans ms', sans-serif; color: #34495e; font-size: 12pt;\">100% nylon</span></li>\r\n<li><span style=\"box-sizing: border-box; font-family: 'comic sans ms', sans-serif; color: #34495e; font-size: 12pt;\">elastic waistband</span></li>\r\n<li><span style=\"box-sizing: border-box; font-family: 'comic sans ms', sans-serif; color: #34495e; font-size: 12pt;\">fits truetosize, go one size up for baggy fit</span></li>\r\n<li><span style=\"box-sizing: border-box; font-family: 'comic sans ms', sans-serif; color: #34495e; font-size: 12pt;\">model is 5'11(180cm), 154 lbs(70kg) and wears a size 30</span></li>\r\n</ul>\r\n<p><em style=\"font-size: 10pt; text-align: justify; box-sizing: border-box;\"><span style=\"box-sizing: border-box; font-family: 'comic sans ms', sans-serif; color: #34495e;\">*for tight fit, please go for smaller</span></em></p>",
    "is_bestseller": false,
    "is_back": false,
    "is_featured": true,
    "is_discounted": false,
    "available": true,
    "created": "2020-11-24T00:17:38.096Z",
    "updated": "2020-11-24T00:17:38.097Z"
  }
},
{
  "model": "shop.trouser",
  "pk": 5,
  "fields": {
    "name": "N12 CARGO",
    "slug": "n12-cargo",
    "category": 6,
    "description": "<p><span style=\"color: #34495e; font-family: 'comic sans ms', sans-serif; font-size: 16px;\">The LK2 Cargo Pants are designed with a customdeveloped synthetic fabric and featured a mesh lining, extended inseam for stacking throughout, with cargo pocket at side seam, an elastic waistband, and finished with % bungee cords that run halflength of the garment that each have 5 black plastic toggles to help with the stacking throughout. These pants also feature a zipper design around the knee, you can zip out the bungee lower part to change it as a pair of shorts.</span></p>\r\n<p><span style=\"box-sizing: border-box; font-family: 'comic sans ms', sans-serif; color: #34495e; font-size: 12pt;\"><span style=\"box-sizing: border-box; font-weight: bolder;\">Details</span></span></p>\r\n<ul>\r\n<li><span style=\"box-sizing: border-box; font-family: 'comic sans ms', sans-serif; color: #34495e; font-size: 12pt;\">relaxed fit</span></li>\r\n<li><span style=\"box-sizing: border-box; font-family: 'comic sans ms', sans-serif; color: #34495e; font-size: 12pt;\">5 Pockets</span></li>\r\n<li><span style=\"box-sizing: border-box; font-family: 'comic sans ms', sans-serif; color: #34495e; font-size: 12pt;\">100% nylon</span></li>\r\n<li><span style=\"box-sizing: border-box; font-family: 'comic sans ms', sans-serif; color: #34495e; font-size: 12pt;\">elastic waistband</span></li>\r\n<li><span style=\"box-sizing: border-box; font-family: 'comic sans ms', sans-serif; color: #34495e; font-size: 12pt;\">fits truetosize, go one size up for baggy fit</span></li>\r\n<li><span style=\"box-sizing: border-box; font-family: 'comic sans ms', sans-serif; color: #34495e; font-size: 12pt;\">model is 5'11(180cm), 154 lbs(70kg) and wears a size 30</span></li>\r\n</ul>\r\n<p><em style=\"font-size: 10pt; text-align: justify; box-sizing: border-box;\"><span style=\"box-sizing: border-box; font-family: 'comic sans ms', sans-serif; color: #34495e;\">*for tight fit, please go for smaller</span></em></p>",
    "is_bestseller": true,
    "is_back": false,
    "is_featured": true,
    "is_discounted": false,
    "available": true,
    "created": "2020-11-24T00:20:06.457Z",
    "updated": "2020-11-24T00:24:31.994Z"
  }
},
{
  "model": "shop.trouser",
  "pk": 6,
  "fields": {
    "name": "C88 COTTON",
    "slug": "c88-cotton",
    "category": 5,
    "description": "<p><span style=\"color: #34495e; font-family: 'comic sans ms', sans-serif; font-size: 16px;\">The LK2 Cargo Pants are designed with a customdeveloped synthetic fabric and featured a mesh lining, extended inseam for stacking throughout, with cargo pocket at side seam, an elastic waistband, and finished with % bungee cords that run halflength of the garment that each have 5 black plastic toggles to help with the stacking throughout. These pants also feature a zipper design around the knee, you can zip out the bungee lower part to change it as a pair of shorts.</span></p>\r\n<p><span style=\"box-sizing: border-box; font-family: 'comic sans ms', sans-serif; color: #34495e; font-size: 12pt;\"><span style=\"box-sizing: border-box; font-weight: bolder;\">Details</span></span></p>\r\n<ul>\r\n<li><span style=\"box-sizing: border-box; font-family: 'comic sans ms', sans-serif; color: #34495e; font-size: 12pt;\">relaxed fit</span></li>\r\n<li><span style=\"box-sizing: border-box; font-family: 'comic sans ms', sans-serif; color: #34495e; font-size: 12pt;\">5 Pockets</span></li>\r\n<li><span style=\"box-sizing: border-box; font-family: 'comic sans ms', sans-serif; color: #34495e; font-size: 12pt;\">100% nylon</span></li>\r\n<li><span style=\"box-sizing: border-box; font-family: 'comic sans ms', sans-serif; color: #34495e; font-size: 12pt;\">elastic waistband</span></li>\r\n<li><span style=\"box-sizing: border-box; font-family: 'comic sans ms', sans-serif; color: #34495e; font-size: 12pt;\">fits truetosize, go one size up for baggy fit</span></li>\r\n<li><span style=\"box-sizing: border-box; font-family: 'comic sans ms', sans-serif; color: #34495e; font-size: 12pt;\">model is 5'11(180cm), 154 lbs(70kg) and wears a size 30</span></li>\r\n</ul>\r\n<p><em style=\"font-size: 10pt; text-align: justify; box-sizing: border-box;\"><span style=\"box-sizing: border-box; font-family: 'comic sans ms', sans-serif; color: #34495e;\">*for tight fit, please go for smaller</span></em></p>",
    "is_bestseller": true,
    "is_back": false,
    "is_featured": false,
    "is_discounted": false,
    "available": true,
    "created": "2020-11-24T00:21:23.821Z",
    "updated": "2020-11-24T00:24:12.834Z"
  }
},
{
  "model": "shop.trouser",
  "pk": 7,
  "fields": {
    "name": "N22 CARGO",
    "slug": "n22-cargo",
    "category": 5,
    "description": "<p><span style=\"color: #34495e; font-family: 'comic sans ms', sans-serif; font-size: 16px;\">The LK2 Cargo Pants are designed with a customdeveloped synthetic fabric and featured a mesh lining, extended inseam for stacking throughout, with cargo pocket at side seam, an elastic waistband, and finished with % bungee cords that run halflength of the garment that each have 5 black plastic toggles to help with the stacking throughout. These pants also feature a zipper design around the knee, you can zip out the bungee lower part to change it as a pair of shorts.</span></p>\r\n<p><span style=\"box-sizing: border-box; font-family: 'comic sans ms', sans-serif; color: #34495e; font-size: 12pt;\"><span style=\"box-sizing: border-box; font-weight: bolder;\">Details</span></span></p>\r\n<ul>\r\n<li><span style=\"box-sizing: border-box; font-family: 'comic sans ms', sans-serif; color: #34495e; font-size: 12pt;\">relaxed fit</span></li>\r\n<li><span style=\"box-sizing: border-box; font-family: 'comic sans ms', sans-serif; color: #34495e; font-size: 12pt;\">5 Pockets</span></li>\r\n<li><span style=\"box-sizing: border-box; font-family: 'comic sans ms', sans-serif; color: #34495e; font-size: 12pt;\">100% nylon</span></li>\r\n<li><span style=\"box-sizing: border-box; font-family: 'comic sans ms', sans-serif; color: #34495e; font-size: 12pt;\">elastic waistband</span></li>\r\n<li><span style=\"box-sizing: border-box; font-family: 'comic sans ms', sans-serif; color: #34495e; font-size: 12pt;\">fits truetosize, go one size up for baggy fit</span></li>\r\n<li><span style=\"box-sizing: border-box; font-family: 'comic sans ms', sans-serif; color: #34495e; font-size: 12pt;\">model is 5'11(180cm), 154 lbs(70kg) and wears a size 30</span></li>\r\n</ul>\r\n<p><em style=\"font-size: 10pt; text-align: justify; box-sizing: border-box;\"><span style=\"box-sizing: border-box; font-family: 'comic sans ms', sans-serif; color: #34495e;\">*for tight fit, please go for smaller\u007f\u007f</span></em></p>",
    "is_bestseller": true,
    "is_back": false,
    "is_featured": true,
    "is_discounted": false,
    "available": true,
    "created": "2020-11-24T00:27:19.392Z",
    "updated": "2020-11-24T00:27:19.392Z"
  }
},
{
  "model": "shop.trouser",
  "pk": 8,
  "fields": {
    "name": "CC13 CARGO",
    "slug": "cc13-cargo",
    "category": 5,
    "description": "<p><span style=\"color: #34495e; font-family: 'comic sans ms', sans-serif; font-size: 16px;\">The LK2 Cargo Pants are designed with a customdeveloped synthetic fabric and featured a mesh lining, extended inseam for stacking throughout, with cargo pocket at side seam, an elastic waistband, and finished with % bungee cords that run halflength of the garment that each have 5 black plastic toggles to help with the stacking throughout. These pants also feature a zipper design around the knee, you can zip out the bungee lower part to change it as a pair of shorts.</span></p>\r\n<p><span style=\"box-sizing: border-box; font-family: 'comic sans ms', sans-serif; color: #34495e; font-size: 12pt;\"><span style=\"box-sizing: border-box; font-weight: bolder;\">Details</span></span></p>\r\n<ul>\r\n<li><span style=\"box-sizing: border-box; font-family: 'comic sans ms', sans-serif; color: #34495e; font-size: 12pt;\">relaxed fit</span></li>\r\n<li><span style=\"box-sizing: border-box; font-family: 'comic sans ms', sans-serif; color: #34495e; font-size: 12pt;\">5 Pockets</span></li>\r\n<li><span style=\"box-sizing: border-box; font-family: 'comic sans ms', sans-serif; color: #34495e; font-size: 12pt;\">100% nylon</span></li>\r\n<li><span style=\"box-sizing: border-box; font-family: 'comic sans ms', sans-serif; color: #34495e; font-size: 12pt;\">elastic waistband</span></li>\r\n<li><span style=\"box-sizing: border-box; font-family: 'comic sans ms', sans-serif; color: #34495e; font-size: 12pt;\">fits truetosize, go one size up for baggy fit</span></li>\r\n<li><span style=\"box-sizing: border-box; font-family: 'comic sans ms', sans-serif; color: #34495e; font-size: 12pt;\">model is 5'11(180cm), 154 lbs(70kg) and wears a size 30</span></li>\r\n</ul>\r\n<p><em style=\"font-size: 10pt; text-align: justify; box-sizing: border-box;\"><span style=\"box-sizing: border-box; font-family: 'comic sans ms', sans-serif; color: #34495e;\">*for tight fit, please go for smaller</span></em></p>",
    "is_bestseller": true,
    "is_back": false,
    "is_featured": true,
    "is_discounted": false,
    "available": true,
    "created": "2020-11-24T00:28:53.085Z",
    "updated": "2020-11-24T00:28:53.085Z"
  }
},
{
  "model": "shop.trouser",
  "pk": 9,
  "fields": {
    "name": "C50 CARGO",
    "slug": "c50-cargo",
    "category": 4,
    "description": "<p><span style=\"color: #34495e; font-family: 'comic sans ms', sans-serif; font-size: 16px;\">The LK2 Cargo Pants are designed with a customdeveloped synthetic fabric and featured a mesh lining, extended inseam for stacking throughout, with cargo pocket at side seam, an elastic waistband, and finished with % bungee cords that run halflength of the garment that each have 5 black plastic toggles to help with the stacking throughout. These pants also feature a zipper design around the knee, you can zip out the bungee lower part to change it as a pair of shorts.</span></p>\r\n<p><span style=\"box-sizing: border-box; font-family: 'comic sans ms', sans-serif; color: #34495e; font-size: 12pt;\"><span style=\"box-sizing: border-box; font-weight: bolder;\">Details</span></span></p>\r\n<ul>\r\n<li><span style=\"box-sizing: border-box; font-family: 'comic sans ms', sans-serif; color: #34495e; font-size: 12pt;\">relaxed fit</span></li>\r\n<li><span style=\"box-sizing: border-box; font-family: 'comic sans ms', sans-serif; color: #34495e; font-size: 12pt;\">5 Pockets</span></li>\r\n<li><span style=\"box-sizing: border-box; font-family: 'comic sans ms', sans-serif; color: #34495e; font-size: 12pt;\">100% nylon</span></li>\r\n<li><span style=\"box-sizing: border-box; font-family: 'comic sans ms', sans-serif; color: #34495e; font-size: 12pt;\">elastic waistband</span></li>\r\n<li><span style=\"box-sizing: border-box; font-family: 'comic sans ms', sans-serif; color: #34495e; font-size: 12pt;\">fits truetosize, go one size up for baggy fit</span></li>\r\n<li><span style=\"box-sizing: border-box; font-family: 'comic sans ms', sans-serif; color: #34495e; font-size: 12pt;\">model is 5'11(180cm), 154 lbs(70kg) and wears a size 30</span></li>\r\n</ul>\r\n<p><em style=\"font-size: 10pt; text-align: justify; box-sizing: border-box;\"><span style=\"box-sizing: border-box; font-family: 'comic sans ms', sans-serif; color: #34495e;\">*for tight fit, please go for smaller</span></em></p>",
    "is_bestseller": true,
    "is_back": false,
    "is_featured": false,
    "is_discounted": true,
    "available": true,
    "created": "2020-11-24T00:29:57.199Z",
    "updated": "2020-11-24T01:03:41.640Z"
  }
},
{
  "model": "shop.trouser",
  "pk": 10,
  "fields": {
    "name": "T15 CARGO LTD",
    "slug": "t15-cargo-ltd",
    "category": 6,
    "description": "<p><span style=\"color: #34495e; font-family: 'comic sans ms', sans-serif; font-size: 16px;\">The LK2 Cargo Pants are designed with a customdeveloped synthetic fabric and featured a mesh lining, extended inseam for stacking throughout, with cargo pocket at side seam, an elastic waistband, and finished with % bungee cords that run halflength of the garment that each have 5 black plastic toggles to help with the stacking throughout. These pants also feature a zipper design around the knee, you can zip out the bungee lower part to change it as a pair of shorts.</span></p>\r\n<p><span style=\"box-sizing: border-box; font-family: 'comic sans ms', sans-serif; color: #34495e; font-size: 12pt;\"><span style=\"box-sizing: border-box; font-weight: bolder;\">Details</span></span></p>\r\n<ul>\r\n<li><span style=\"box-sizing: border-box; font-family: 'comic sans ms', sans-serif; color: #34495e; font-size: 12pt;\">relaxed fit</span></li>\r\n<li><span style=\"box-sizing: border-box; font-family: 'comic sans ms', sans-serif; color: #34495e; font-size: 12pt;\">5 Pockets</span></li>\r\n<li><span style=\"box-sizing: border-box; font-family: 'comic sans ms', sans-serif; color: #34495e; font-size: 12pt;\">100% nylon</span></li>\r\n<li><span style=\"box-sizing: border-box; font-family: 'comic sans ms', sans-serif; color: #34495e; font-size: 12pt;\">elastic waistband</span></li>\r\n<li><span style=\"box-sizing: border-box; font-family: 'comic sans ms', sans-serif; color: #34495e; font-size: 12pt;\">fits truetosize, go one size up for baggy fit</span></li>\r\n<li><span style=\"box-sizing: border-box; font-family: 'comic sans ms', sans-serif; color: #34495e; font-size: 12pt;\">model is 5'11(180cm), 154 lbs(70kg) and wears a size 30</span></li>\r\n</ul>\r\n<p><em style=\"font-size: 10pt; text-align: justify; box-sizing: border-box;\"><span style=\"box-sizing: border-box; font-family: 'comic sans ms', sans-serif; color: #34495e;\">*for tight fit, please go for smaller\u007f\u007f\u007f</span></em></p>",
    "is_bestseller": true,
    "is_back": false,
    "is_featured": true,
    "is_discounted": false,
    "available": true,
    "created": "2020-11-24T00:31:05.934Z",
    "updated": "2020-11-24T00:31:05.934Z"
  }
},
{
  "model": "shop.trouservariant",
  "pk": 1,
  "fields": {
    "trouser": 1,
    "color": "#FF0000",
    "price": "2000.23",
    "old_price": "0.00"
  }
},
{
  "model": "shop.trouservariant",
  "pk": 2,
  "fields": {
    "trouser": 1,
    "color": "#000000",
    "price": "5000.00",
    "old_price": "0.00"
  }
},
{
  "model": "shop.trouservariant",
  "pk": 3,
  "fields": {
    "trouser": 2,
    "color": "#DC143C",
    "price": "4500.00",
    "old_price": "0.00"
  }
},
{
  "model": "shop.trouservariant",
  "pk": 4,
  "fields": {
    "trouser": 1,
    "color": "#FFFFFF",
    "price": "6000.00",
    "old_price": "0.00"
  }
},
{
  "model": "shop.trouservariant",
  "pk": 5,
  "fields": {
    "trouser": 3,
    "color": "#FFFF00",
    "price": "5000.00",
    "old_price": "0.00"
  }
},
{
  "model": "shop.trouservariant",
  "pk": 6,
  "fields": {
    "trouser": 4,
    "color": "#000080",
    "price": "3000.00",
    "old_price": "0.00"
  }
},
{
  "model": "shop.trouservariant",
  "pk": 7,
  "fields": {
    "trouser": 5,
    "color": "#FFD700",
    "price": "6000.00",
    "old_price": "0.00"
  }
},
{
  "model": "shop.trouservariant",
  "pk": 8,
  "fields": {
    "trouser": 6,
    "color": "#FFDAB9",
    "price": "6500.00",
    "old_price": "0.00"
  }
},
{
  "model": "shop.trouservariant",
  "pk": 9,
  "fields": {
    "trouser": 5,
    "color": "#BDB76B",
    "price": "8000.00",
    "old_price": "0.00"
  }
},
{
  "model": "shop.trouservariant",
  "pk": 10,
  "fields": {
    "trouser": 7,
    "color": "#E6E6FA",
    "price": "4000.00",
    "old_price": "0.00"
  }
},
{
  "model": "shop.trouservariant",
  "pk": 11,
  "fields": {
    "trouser": 8,
    "color": "#DA70D6",
    "price": "6000.00",
    "old_price": "0.00"
  }
},
{
  "model": "shop.trouservariant",
  "pk": 12,
  "fields": {
    "trouser": 9,
    "color": "#2E8B57",
    "price": "1500.00",
    "old_price": "0.00"
  }
},
{
  "model": "shop.trouservariant",
  "pk": 13,
  "fields": {
    "trouser": 10,
    "color": "#20B2AA",
    "price": "4000.00",
    "old_price": "0.00"
  }
},
{
  "model": "shop.trousermeta",
  "pk": 1,
  "fields": {
    "trouser_variant": 1,
    "size": "30",
    "stock": 20
  }
},
{
  "model": "shop.trousermeta",
  "pk": 2,
  "fields": {
    "trouser_variant": 1,
    "size": "32",
    "stock": 5
  }
},
{
  "model": "shop.trousermeta",
  "pk": 3,
  "fields": {
    "trouser_variant": 1,
    "size": "38",
    "stock": 4
  }
},
{
  "model": "shop.trousermeta",
  "pk": 4,
  "fields": {
    "trouser_variant": 1,
    "size": "42",
    "stock": 2
  }
},
{
  "model": "shop.trousermeta",
  "pk": 5,
  "fields": {
    "trouser_variant": 2,
    "size": "30",
    "stock": 1
  }
},
{
  "model": "shop.trousermeta",
  "pk": 6,
  "fields": {
    "trouser_variant": 2,
    "size": "34",
    "stock": 4
  }
},
{
  "model": "shop.trousermeta",
  "pk": 7,
  "fields": {
    "trouser_variant": 2,
    "size": "40",
    "stock": 3
  }
},
{
  "model": "shop.trousermeta",
  "pk": 8,
  "fields": {
    "trouser_variant": 3,
    "size": "32",
    "stock": 3
  }
},
{
  "model": "shop.trousermeta",
  "pk": 9,
  "fields": {
    "trouser_variant": 4,
    "size": "30",
    "stock": 0
  }
},
{
  "model": "shop.trousermeta",
  "pk": 10,
  "fields": {
    "trouser_variant": 4,
    "size": "38",
    "stock": 3
  }
},
{
  "model": "shop.trousermeta",
  "pk": 11,
  "fields": {
    "trouser_variant": 4,
    "size": "32",
    "stock": 2
  }
},
{
  "model": "shop.trousermeta",
  "pk": 12,
  "fields": {
    "trouser_variant": 4,
    "size": "34",
    "stock": 5
  }
},
{
  "model": "shop.trousermeta",
  "pk": 13,
  "fields": {
    "trouser_variant": 3,
    "size": "34",
    "stock": 1
  }
},
{
  "model": "shop.trousermeta",
  "pk": 14,
  "fields": {
    "trouser_variant": 1,
    "size": "40",
    "stock": 1
  }
},
{
  "model": "shop.trousermeta",
  "pk": 15,
  "fields": {
    "trouser_variant": 5,
    "size": "30",
    "stock": 1
  }
},
{
  "model": "shop.trousermeta",
  "pk": 16,
  "fields": {
    "trouser_variant": 6,
    "size": "36",
    "stock": 1
  }
},
{
  "model": "shop.trousermeta",
  "pk": 17,
  "fields": {
    "trouser_variant": 7,
    "size": "38",
    "stock": 1
  }
},
{
  "model": "shop.trousermeta",
  "pk": 18,
  "fields": {
    "trouser_variant": 8,
    "size": "42",
    "stock": 1
  }
},
{
  "model": "shop.trousermeta",
  "pk": 19,
  "fields": {
    "trouser_variant": 10,
    "size": "32",
    "stock": 1
  }
},
{
  "model": "shop.trousermeta",
  "pk": 20,
  "fields": {
    "trouser_variant": 11,
    "size": "34",
    "stock": 1
  }
},
{
  "model": "shop.trousermeta",
  "pk": 21,
  "fields": {
    "trouser_variant": 12,
    "size": "32",
    "stock": 1
  }
},
{
  "model": "shop.trousermeta",
  "pk": 22,
  "fields": {
    "trouser_variant": 13,
    "size": "34",
    "stock": 1
  }
},
{
  "model": "menu.menu",
  "pk": 1,
  "fields": {
    "name": "NEW ARRIVALS",
    "slug": "new-arrivals",
    "app": "SH",
    "parent": null,
    "is_active": true,
    "lft": 1,
    "rght": 2,
    "tree_id": 1,
    "level": 0
  }
},
{
  "model": "menu.menu",
  "pk": 2,
  "fields": {
    "name": "BEST SELLERS",
    "slug": "best-sellers",
    "app": "SH",
    "parent": null,
    "is_active": true,
    "lft": 1,
    "rght": 2,
    "tree_id": 3,
    "level": 0
  }
},
{
  "model": "menu.menu",
  "pk": 3,
  "fields": {
    "name": "COLLECTIONS",
    "slug": "collections",
    "app": "SH",
    "parent": null,
    "is_active": true,
    "lft": 1,
    "rght": 8,
    "tree_id": 2,
    "level": 0
  }
},
{
  "model": "menu.menu",
  "pk": 4,
  "fields": {
    "name": "CARGO PANTS",
    "slug": "cargo-pants",
    "app": "SH",
    "parent": 3,
    "is_active": true,
    "lft": 2,
    "rght": 3,
    "tree_id": 2,
    "level": 1
  }
},
{
  "model": "menu.menu",
  "pk": 5,
  "fields": {
    "name": "COTTON CARGO",
    "slug": "cotton-cargo",
    "app": "SH",
    "parent": 3,
    "is_active": true,
    "lft": 4,
    "rght": 5,
    "tree_id": 2,
    "level": 1
  }
},
{
  "model": "menu.menu",
  "pk": 6,
  "fields": {
    "name": "NYLON CARGO",
    "slug": "nylon-cargo",
    "app": "SH",
    "parent": 3,
    "is_active": true,
    "lft": 6,
    "rght": 7,
    "tree_id": 2,
    "level": 1
  }
},
{
  "model": "menu.menu",
  "pk": 8,
  "fields": {
    "name": "BACK IN STOCK",
    "slug": "back-in-stock",
    "app": "SH",
    "parent": null,
    "is_active": true,
    "lft": 1,
    "rght": 2,
    "tree_id": 4,
    "level": 0
  }
},
{
  "model": "contents.image",
  "pk": 1,
  "fields": {
    "created": "2020-10-25T20:26:48.149Z",
    "updated": "2020-10-25T20:26:48.149Z",
    "trouser_variant": 1,
    "file": "trouser_images/C2 CARGO/95cd2961a91443018dce96ce4af4d848.png"
  }
},
{
  "model": "contents.image",
  "pk": 2,
  "fields": {
    "created": "2020-10-25T20:26:48.156Z",
    "updated": "2020-10-25T20:26:48.156Z",
    "trouser_variant": 1,
    "file": "trouser_images/C2 CARGO/04855396501341bd97411dfc336516ea.png"
  }
},
{
  "model": "contents.image",
  "pk": 3,
  "fields": {
    "created": "2020-10-25T20:26:48.161Z",
    "updated": "2020-10-25T20:26:48.162Z",
    "trouser_variant": 1,
    "file": "trouser_images/C2 CARGO/8234b6b9ff554b84a4032d3a8dd9fc85.png"
  }
},
{
  "model": "contents.image",
  "pk": 4,
  "fields": {
    "created": "2020-10-25T20:26:48.188Z",
    "updated": "2020-10-25T20:26:48.188Z",
    "trouser_variant": 2,
    "file": "trouser_images/C2 CARGO/8de610ff8b774d9c9196c2e443303bba.png"
  }
},
{
  "model": "contents.image",
  "pk": 5,
  "fields": {
    "created": "2020-10-25T20:26:48.193Z",
    "updated": "2020-10-25T20:26:48.193Z",
    "trouser_variant": 2,
    "file": "trouser_images/C2 CARGO/24eed35cdc8248fc9236532bc9c97336.png"
  }
},
{
  "model": "contents.image",
  "pk": 6,
  "fields": {
    "created": "2020-10-25T20:26:48.198Z",
    "updated": "2020-10-25T20:26:48.198Z",
    "trouser_variant": 2,
    "file": "trouser_images/C2 CARGO/72cf50c7a0fe43f48042b627dd0acbb2.png"
  }
},
{
  "model": "contents.image",
  "pk": 7,
  "fields": {
    "created": "2020-10-26T00:06:38.298Z",
    "updated": "2020-10-26T00:06:38.298Z",
    "trouser_variant": 3,
    "file": "trouser_images/C5 CARGO/463138e130744474842b53f463d5003e.png"
  }
},
{
  "model": "contents.image",
  "pk": 8,
  "fields": {
    "created": "2020-10-31T16:15:53.459Z",
    "updated": "2020-10-31T16:15:53.459Z",
    "trouser_variant": 4,
    "file": "trouser_images/C2 CARGO/84ca46980a97455eb3067e9f5be67b10.png"
  }
},
{
  "model": "contents.image",
  "pk": 9,
  "fields": {
    "created": "2020-11-24T00:15:09.741Z",
    "updated": "2020-11-24T00:15:09.741Z",
    "trouser_variant": 5,
    "file": "trouser_images/C25 CARGO/4b0ca19cfce84c86a53ff44b4febe26e.png"
  }
},
{
  "model": "contents.image",
  "pk": 10,
  "fields": {
    "created": "2020-11-24T00:17:38.121Z",
    "updated": "2020-11-24T00:17:38.121Z",
    "trouser_variant": 6,
    "file": "trouser_images/N15 CARGO/415781cf502d4c299fe9577467a68483.png"
  }
},
{
  "model": "contents.image",
  "pk": 11,
  "fields": {
    "created": "2020-11-24T00:23:29.243Z",
    "updated": "2020-11-24T00:23:29.243Z",
    "trouser_variant": 7,
    "file": "trouser_images/N12 CAEGO/b46346547358420a96f0fcc762ef2dcf.png"
  }
},
{
  "model": "contents.image",
  "pk": 12,
  "fields": {
    "created": "2020-11-24T00:24:12.874Z",
    "updated": "2020-11-24T00:24:12.874Z",
    "trouser_variant": 8,
    "file": "trouser_images/C88 COTTON/6dcac5d1f386440d8cff3a1c231be438.png"
  }
},
{
  "model": "contents.image",
  "pk": 13,
  "fields": {
    "created": "2020-11-24T00:27:19.444Z",
    "updated": "2020-11-24T00:27:19.444Z",
    "trouser_variant": 10,
    "file": "trouser_images/N22 CARGO/9ddfd5714b1a4fd78ecd8332551c99ac.png"
  }
},
{
  "model": "contents.image",
  "pk": 14,
  "fields": {
    "created": "2020-11-24T00:28:53.114Z",
    "updated": "2020-11-24T00:28:53.114Z",
    "trouser_variant": 11,
    "file": "trouser_images/CC13 CARGO/93cc8e90830c475eb8c61c7a9244900b.png"
  }
},
{
  "model": "contents.image",
  "pk": 15,
  "fields": {
    "created": "2020-11-24T00:29:57.223Z",
    "updated": "2020-11-24T00:29:57.223Z",
    "trouser_variant": 12,
    "file": "trouser_images/C50/76e2457e89714a69ac4dde0c71b845d4.png"
  }
},
{
  "model": "contents.image",
  "pk": 16,
  "fields": {
    "created": "2020-11-24T00:31:05.981Z",
    "updated": "2020-11-24T00:31:05.981Z",
    "trouser_variant": 13,
    "file": "trouser_images/T15 CARGO LTD/c0d52160f0cb43d99d319245c990f6ce.png"
  }
},
{
  "model": "accounts.guestemail",
  "pk": 6,
  "fields": {
    "email": "fasholaterrzz@gmail.com",
    "active": true,
    "update": "2020-11-20T20:10:18.145Z",
    "timestamp": "2020-11-20T20:10:18.148Z"
  }
},
{
  "model": "accounts.guestemail",
  "pk": 7,
  "fields": {
    "email": "stemia2000@gmail.com",
    "active": true,
    "update": "2020-11-22T15:10:12.333Z",
    "timestamp": "2020-11-22T15:10:12.333Z"
  }
},
{
  "model": "addresses.address",
  "pk": 1,
  "fields": {
    "billing_profile": 2,
    "name": "Charles Oraegbu",
    "nickname": "Champagnepapi",
    "phone": "+2348170278501",
    "address_type": "shipping",
    "address_line_1": "13, Esanogbogun street",
    "address_line_2": null,
    "city": "Somolu",
    "country": "Nigeria",
    "state": "Ogun",
    "postal_code": "100232",
    "default": true
  }
},
{
  "model": "addresses.address",
  "pk": 3,
  "fields": {
    "billing_profile": 2,
    "name": "Charles Oraegbu",
    "nickname": "Champagne",
    "phone": "+2348170278509",
    "address_type": "shipping",
    "address_line_1": "1, Tunji Oluwole street",
    "address_line_2": null,
    "city": "Somolu",
    "country": "Nigeria",
    "state": "Lagos",
    "postal_code": "100231",
    "default": false
  }
},
{
  "model": "addresses.address",
  "pk": 6,
  "fields": {
    "billing_profile": 3,
    "name": "Charles Oraegbu",
    "nickname": "Papi",
    "phone": "+2347039093832",
    "address_type": "shipping",
    "address_line_1": "13, Lawani street",
    "address_line_2": null,
    "city": "Onike Yaba",
    "country": "Nigeria",
    "state": "Lagos",
    "postal_code": "100231",
    "default": true
  }
},
{
  "model": "addresses.address",
  "pk": 9,
  "fields": {
    "billing_profile": 5,
    "name": "Akin Fashola",
    "nickname": "Akin",
    "phone": "+2347039093832",
    "address_type": "shipping",
    "address_line_1": "17, Lawani street",
    "address_line_2": null,
    "city": "Onike Yaba",
    "country": "Nigeria",
    "state": "Ogun",
    "postal_code": "100231",
    "default": true
  }
},
{
  "model": "addresses.address",
  "pk": 10,
  "fields": {
    "billing_profile": 6,
    "name": "Stephen Oraegbu",
    "nickname": "Steve",
    "phone": "+2348033480714",
    "address_type": "shipping",
    "address_line_1": "17, Lawani street",
    "address_line_2": null,
    "city": "Onike",
    "country": "Nigeria",
    "state": "Lagos",
    "postal_code": "100231",
    "default": true
  }
},
{
  "model": "orders.order",
  "pk": 15,
  "fields": {
    "billing_profile": null,
    "order_id": "YYUP5JNWV4",
    "shipping_address": null,
    "shipping_address_final": "Akin Fashola\n17, Lawani street\nOnike Yaba\nLagos, 100231\nNigeria,\n+2347039093832",
    "status": "created",
    "shipping_total": "5.99",
    "total": "0.00",
    "active": true,
    "updated": "2020-11-18T17:36:41.941Z",
    "timestamp": "2020-11-18T17:35:15.768Z"
  }
},
{
  "model": "orders.order",
  "pk": 19,
  "fields": {
    "billing_profile": 5,
    "order_id": "U3TB5KBO5O",
    "shipping_address": 9,
    "shipping_address_final": "Akin Fashola\n17, Lawani street\nOnike Yaba\nOgun, 100231\nNigeria,\n+2347039093832",
    "status": "created",
    "shipping_total": "1500.00",
    "total": "0.00",
    "active": true,
    "updated": "2020-11-22T14:55:33.577Z",
    "timestamp": "2020-11-20T20:10:18.689Z"
  }
},
{
  "model": "orders.order",
  "pk": 20,
  "fields": {
    "billing_profile": 2,
    "order_id": "W4A98ETU60",
    "shipping_address": 1,
    "shipping_address_final": "Charles Oraegbu\n13, Esanogbogun street\nSomolu\nOgun, 100232\nNigeria,\n+2348170278501",
    "status": "created",
    "shipping_total": "1500.00",
    "total": "0.00",
    "active": true,
    "updated": "2020-11-22T14:55:21.622Z",
    "timestamp": "2020-11-20T20:14:20.876Z"
  }
},
{
  "model": "orders.order",
  "pk": 21,
  "fields": {
    "billing_profile": 6,
    "order_id": "YFWMCC2Y73",
    "shipping_address": 10,
    "shipping_address_final": "Stephen Oraegbu\n17, Lawani street\nOnike\nLagos, 100231\nNigeria,\n+2348033480714",
    "status": "created",
    "shipping_total": "1000.00",
    "total": "0.00",
    "active": true,
    "updated": "2020-11-22T15:12:19.679Z",
    "timestamp": "2020-11-22T15:10:12.802Z"
  }
},
{
  "model": "taggit.tag",
  "pk": 1,
  "fields": {
    "name": "cargo",
    "slug": "cargo"
  }
},
{
  "model": "taggit.tag",
  "pk": 2,
  "fields": {
    "name": "cargo\u007f",
    "slug": "cargo_1"
  }
},
{
  "model": "taggit.taggeditem",
  "pk": 1,
  "fields": {
    "tag": 1,
    "content_type": 9,
    "object_id": 1
  }
},
{
  "model": "taggit.taggeditem",
  "pk": 2,
  "fields": {
    "tag": 1,
    "content_type": 9,
    "object_id": 2
  }
},
{
  "model": "taggit.taggeditem",
  "pk": 3,
  "fields": {
    "tag": 1,
    "content_type": 9,
    "object_id": 3
  }
},
{
  "model": "taggit.taggeditem",
  "pk": 4,
  "fields": {
    "tag": 1,
    "content_type": 9,
    "object_id": 4
  }
},
{
  "model": "taggit.taggeditem",
  "pk": 5,
  "fields": {
    "tag": 1,
    "content_type": 9,
    "object_id": 5
  }
},
{
  "model": "taggit.taggeditem",
  "pk": 6,
  "fields": {
    "tag": 1,
    "content_type": 9,
    "object_id": 6
  }
},
{
  "model": "taggit.taggeditem",
  "pk": 7,
  "fields": {
    "tag": 2,
    "content_type": 9,
    "object_id": 7
  }
},
{
  "model": "taggit.taggeditem",
  "pk": 8,
  "fields": {
    "tag": 1,
    "content_type": 9,
    "object_id": 8
  }
},
{
  "model": "taggit.taggeditem",
  "pk": 9,
  "fields": {
    "tag": 1,
    "content_type": 9,
    "object_id": 9
  }
},
{
  "model": "taggit.taggeditem",
  "pk": 10,
  "fields": {
    "tag": 1,
    "content_type": 9,
    "object_id": 10
  }
},
{
  "model": "thumbnail.kvstore",
  "pk": "sorl-thumbnail||image||02e07202fffc2ecb65aa6f3c0b373f87",
  "fields": {
    "value": "{\"name\": \"cache/33/2b/332bd3301800cf23cebb4243938b065b.png\", \"storage\": \"django.core.files.storage.FileSystemStorage\", \"size\": [60, 60]}"
  }
},
{
  "model": "thumbnail.kvstore",
  "pk": "sorl-thumbnail||image||1b8877bc1562477d316c4e2a1ebd21c7",
  "fields": {
    "value": "{\"name\": \"cache/fc/20/fc20229ca8aed69eada0f2716f7a38eb.png\", \"storage\": \"django.core.files.storage.FileSystemStorage\", \"size\": [300, 400]}"
  }
},
{
  "model": "thumbnail.kvstore",
  "pk": "sorl-thumbnail||image||29da9b4d12e184b00a2d253034b5295a",
  "fields": {
    "value": "{\"name\": \"cache/72/cf/72cfc3ea408ff2cbf1c21764c4e63b90.png\", \"storage\": \"django.core.files.storage.FileSystemStorage\", \"size\": [60, 80]}"
  }
},
{
  "model": "thumbnail.kvstore",
  "pk": "sorl-thumbnail||image||2c753b65e3fccc78b74000aee257f32b",
  "fields": {
    "value": "{\"name\": \"trouser_images/CC13 CARGO/93cc8e90830c475eb8c61c7a9244900b.png\", \"storage\": \"django.core.files.storage.FileSystemStorage\", \"size\": [600, 800]}"
  }
},
{
  "model": "thumbnail.kvstore",
  "pk": "sorl-thumbnail||image||380bb3a9988b000ddcc456dbdf36410f",
  "fields": {
    "value": "{\"name\": \"cache/e1/9e/e19e466e95effb9cbe661222d1799b0d.png\", \"storage\": \"django.core.files.storage.FileSystemStorage\", \"size\": [60, 80]}"
  }
},
{
  "model": "thumbnail.kvstore",
  "pk": "sorl-thumbnail||image||40a71ae3b214b37613fd02f3aa4dd18b",
  "fields": {
    "value": "{\"name\": \"trouser_images/C2 CARGO/24eed35cdc8248fc9236532bc9c97336.png\", \"storage\": \"django.core.files.storage.FileSystemStorage\", \"size\": [600, 800]}"
  }
},
{
  "model": "thumbnail.kvstore",
  "pk": "sorl-thumbnail||image||43770e238d1ddebe63f9bf86eb931371",
  "fields": {
    "value": "{\"name\": \"cache/81/d3/81d33abe00eb4c5bf3723189b605a591.png\", \"storage\": \"django.core.files.storage.FileSystemStorage\", \"size\": [60, 60]}"
  }
},
{
  "model": "thumbnail.kvstore",
  "pk": "sorl-thumbnail||image||54fa07a8d8ab1acb1371bf60583d3e59",
  "fields": {
    "value": "{\"name\": \"trouser_images/N12 CAEGO/b46346547358420a96f0fcc762ef2dcf.png\", \"storage\": \"django.core.files.storage.FileSystemStorage\", \"size\": [600, 800]}"
  }
},
{
  "model": "thumbnail.kvstore",
  "pk": "sorl-thumbnail||image||589a11376eca4dafde6017f9a8665ae6",
  "fields": {
    "value": "{\"name\": \"cache/3b/f6/3bf6d0d7de4f9a431c1ab4e459d0061f.png\", \"storage\": \"django.core.files.storage.FileSystemStorage\", \"size\": [60, 80]}"
  }
},
{
  "model": "thumbnail.kvstore",
  "pk": "sorl-thumbnail||image||593f82cf1738ac94475796b7098036cd",
  "fields": {
    "value": "{\"name\": \"cache/c1/74/c174a44fa588e7783dfddafe995febb5.png\", \"storage\": \"django.core.files.storage.FileSystemStorage\", \"size\": [300, 400]}"
  }
},
{
  "model": "thumbnail.kvstore",
  "pk": "sorl-thumbnail||image||614fbc883cdda9674b7c0f5a906dd79d",
  "fields": {
    "value": "{\"name\": \"trouser_images/N15 CARGO/415781cf502d4c299fe9577467a68483.png\", \"storage\": \"django.core.files.storage.FileSystemStorage\", \"size\": [600, 800]}"
  }
},
{
  "model": "thumbnail.kvstore",
  "pk": "sorl-thumbnail||image||68facbe219d9d0112c4533e4a183205a",
  "fields": {
    "value": "{\"name\": \"cache/b6/33/b633d4fed5e04c0d350d7590849def9c.png\", \"storage\": \"django.core.files.storage.FileSystemStorage\", \"size\": [300, 400]}"
  }
},
{
  "model": "thumbnail.kvstore",
  "pk": "sorl-thumbnail||image||6c5382a68835aa682dc19bb09e0811b0",
  "fields": {
    "value": "{\"name\": \"cache/8a/2d/8a2d2d13afca8ac24a172263de3d2726.png\", \"storage\": \"django.core.files.storage.FileSystemStorage\", \"size\": [60, 80]}"
  }
},
{
  "model": "thumbnail.kvstore",
  "pk": "sorl-thumbnail||image||6cb1eca731f78da40a4ed549ca3aa83e",
  "fields": {
    "value": "{\"name\": \"cache/23/47/2347bbf2427072c23b47a35e3251bcdf.png\", \"storage\": \"django.core.files.storage.FileSystemStorage\", \"size\": [60, 60]}"
  }
},
{
  "model": "thumbnail.kvstore",
  "pk": "sorl-thumbnail||image||75c33ac09e8042ee1732d3c5a6eb8271",
  "fields": {
    "value": "{\"name\": \"cache/64/4e/644eb4df9a8ae70c35284a2b1a0ae409.png\", \"storage\": \"django.core.files.storage.FileSystemStorage\", \"size\": [60, 80]}"
  }
},
{
  "model": "thumbnail.kvstore",
  "pk": "sorl-thumbnail||image||78b7b70dd91e44b00a653d7b16ea7873",
  "fields": {
    "value": "{\"name\": \"trouser_images/C2 CARGO/8de610ff8b774d9c9196c2e443303bba.png\", \"storage\": \"django.core.files.storage.FileSystemStorage\", \"size\": [600, 800]}"
  }
},
{
  "model": "thumbnail.kvstore",
  "pk": "sorl-thumbnail||image||791140b9b2dd8e1ff0a4b7f89d225799",
  "fields": {
    "value": "{\"name\": \"trouser_images/C2 CARGO/04855396501341bd97411dfc336516ea.png\", \"storage\": \"django.core.files.storage.FileSystemStorage\", \"size\": [600, 800]}"
  }
},
{
  "model": "thumbnail.kvstore",
  "pk": "sorl-thumbnail||image||7bdb7008706f2f0ac351b240e10ed2b6",
  "fields": {
    "value": "{\"name\": \"cache/7f/37/7f37519ae2853edfb819b25e8a7bd806.png\", \"storage\": \"django.core.files.storage.FileSystemStorage\", \"size\": [300, 400]}"
  }
},
{
  "model": "thumbnail.kvstore",
  "pk": "sorl-thumbnail||image||81221da7cc3b6eff3c344a5f66dae724",
  "fields": {
    "value": "{\"name\": \"cache/81/55/8155b13cf9b50db6ec3af31b0dbedd36.png\", \"storage\": \"django.core.files.storage.FileSystemStorage\", \"size\": [60, 80]}"
  }
},
{
  "model": "thumbnail.kvstore",
  "pk": "sorl-thumbnail||image||844319f57ff4667bd0baa49270cb52b5",
  "fields": {
    "value": "{\"name\": \"cache/4d/96/4d964db43b53188d187d5b1afbaeef4a.png\", \"storage\": \"django.core.files.storage.FileSystemStorage\", \"size\": [60, 60]}"
  }
},
{
  "model": "thumbnail.kvstore",
  "pk": "sorl-thumbnail||image||86096bcaaa523760be3c6a59db5b9399",
  "fields": {
    "value": "{\"name\": \"cache/b4/cf/b4cf090806aeee9c2008c572cd315f4f.png\", \"storage\": \"django.core.files.storage.FileSystemStorage\", \"size\": [60, 80]}"
  }
},
{
  "model": "thumbnail.kvstore",
  "pk": "sorl-thumbnail||image||87b2da5a1dce72c7dcfb169d8c0be5b2",
  "fields": {
    "value": "{\"name\": \"trouser_images/C2 CARGO/8234b6b9ff554b84a4032d3a8dd9fc85.png\", \"storage\": \"django.core.files.storage.FileSystemStorage\", \"size\": [600, 800]}"
  }
},
{
  "model": "thumbnail.kvstore",
  "pk": "sorl-thumbnail||image||8b043a980428b363d515ac6be834ea58",
  "fields": {
    "value": "{\"name\": \"cache/f9/3c/f93c36f449597717eac89f1452620bc6.png\", \"storage\": \"django.core.files.storage.FileSystemStorage\", \"size\": [60, 60]}"
  }
},
{
  "model": "thumbnail.kvstore",
  "pk": "sorl-thumbnail||image||8cb195b4d6eaa9e52cbdc48cf8c5ae77",
  "fields": {
    "value": "{\"name\": \"cache/e5/e6/e5e6ea6eae2affccef73e4345ca915a1.png\", \"storage\": \"django.core.files.storage.FileSystemStorage\", \"size\": [300, 400]}"
  }
},
{
  "model": "thumbnail.kvstore",
  "pk": "sorl-thumbnail||image||8f9bc4214b8896e089b24fbebf2d8148",
  "fields": {
    "value": "{\"name\": \"cache/95/11/95112c5435ef5cf9e2b0868163f6ef8e.jpg\", \"storage\": \"django.core.files.storage.FileSystemStorage\", \"size\": [120, 160]}"
  }
},
{
  "model": "thumbnail.kvstore",
  "pk": "sorl-thumbnail||image||9179f614be6192ce6c85e3a3b53a2890",
  "fields": {
    "value": "{\"name\": \"cache/2f/f4/2ff45a8bf8fc95a707986081723ba199.png\", \"storage\": \"django.core.files.storage.FileSystemStorage\", \"size\": [60, 60]}"
  }
},
{
  "model": "thumbnail.kvstore",
  "pk": "sorl-thumbnail||image||960fde19edf771e3ec63ad5e64b3829b",
  "fields": {
    "value": "{\"name\": \"cache/4f/a2/4fa25855bb354f264a43c99b5e600158.png\", \"storage\": \"django.core.files.storage.FileSystemStorage\", \"size\": [300, 400]}"
  }
},
{
  "model": "thumbnail.kvstore",
  "pk": "sorl-thumbnail||image||9933bc6583d980a7c1fb9e55e10da011",
  "fields": {
    "value": "{\"name\": \"cache/43/54/4354fc434dc2bfc082aca7f42efdfe5d.png\", \"storage\": \"django.core.files.storage.FileSystemStorage\", \"size\": [60, 60]}"
  }
},
{
  "model": "thumbnail.kvstore",
  "pk": "sorl-thumbnail||image||a22a48a46200167815348462d987e349",
  "fields": {
    "value": "{\"name\": \"cache/6e/f6/6ef6f6589bcdf279048abe6aefdd028e.png\", \"storage\": \"django.core.files.storage.FileSystemStorage\", \"size\": [60, 80]}"
  }
},
{
  "model": "thumbnail.kvstore",
  "pk": "sorl-thumbnail||image||a4e2c764d2d2d564cefd60ce8802404b",
  "fields": {
    "value": "{\"name\": \"cache/b8/b2/b8b2e8f573b10c1e978997c52cba9ae5.png\", \"storage\": \"django.core.files.storage.FileSystemStorage\", \"size\": [60, 80]}"
  }
},
{
  "model": "thumbnail.kvstore",
  "pk": "sorl-thumbnail||image||a54ac30786f659948738cf948c671b91",
  "fields": {
    "value": "{\"name\": \"cache/c8/13/c8130ce264e07263d71f4291494cbd14.png\", \"storage\": \"django.core.files.storage.FileSystemStorage\", \"size\": [300, 400]}"
  }
},
{
  "model": "thumbnail.kvstore",
  "pk": "sorl-thumbnail||image||ad0b15f17da2cfe820981be5a93aaab6",
  "fields": {
    "value": "{\"name\": \"cache/89/cc/89ccd20a817d8775efa04e1639f43af9.png\", \"storage\": \"django.core.files.storage.FileSystemStorage\", \"size\": [60, 60]}"
  }
},
{
  "model": "thumbnail.kvstore",
  "pk": "sorl-thumbnail||image||b18ef96ce69e0548f430c353256ef6cd",
  "fields": {
    "value": "{\"name\": \"cache/70/ac/70ac8ab125876daf2b049e5b29d9bf14.png\", \"storage\": \"django.core.files.storage.FileSystemStorage\", \"size\": [60, 60]}"
  }
},
{
  "model": "thumbnail.kvstore",
  "pk": "sorl-thumbnail||image||b629b363ce602bb13b9135ee2c336f5f",
  "fields": {
    "value": "{\"name\": \"trouser_images/C2 CARGO/95cd2961a91443018dce96ce4af4d848.png\", \"storage\": \"django.core.files.storage.FileSystemStorage\", \"size\": [600, 800]}"
  }
},
{
  "model": "thumbnail.kvstore",
  "pk": "sorl-thumbnail||image||b86b03e7a403c52118600763d966ea74",
  "fields": {
    "value": "{\"name\": \"cache/e3/ab/e3ab95d500f1c3629563965ef0eed47f.png\", \"storage\": \"django.core.files.storage.FileSystemStorage\", \"size\": [300, 400]}"
  }
},
{
  "model": "thumbnail.kvstore",
  "pk": "sorl-thumbnail||image||bce162ddadffda6d9bea1c0af7556971",
  "fields": {
    "value": "{\"name\": \"cache/1c/6b/1c6bcc3d61fd79dd2c5cf409fea4c03f.png\", \"storage\": \"django.core.files.storage.FileSystemStorage\", \"size\": [60, 60]}"
  }
},
{
  "model": "thumbnail.kvstore",
  "pk": "sorl-thumbnail||image||cc3d490ecbf468d58d1b870a3902e183",
  "fields": {
    "value": "{\"name\": \"cache/2c/96/2c96715f214f2cb1bc3e2526097f95f1.png\", \"storage\": \"django.core.files.storage.FileSystemStorage\", \"size\": [300, 400]}"
  }
},
{
  "model": "thumbnail.kvstore",
  "pk": "sorl-thumbnail||image||d4241b45c0d844423c0fc272774d3758",
  "fields": {
    "value": "{\"name\": \"cache/14/22/1422791881e5238d678aa6ae559ddee1.png\", \"storage\": \"django.core.files.storage.FileSystemStorage\", \"size\": [60, 60]}"
  }
},
{
  "model": "thumbnail.kvstore",
  "pk": "sorl-thumbnail||image||d430c44892a4c742253e2625c37f5e26",
  "fields": {
    "value": "{\"name\": \"trouser_images/C50/76e2457e89714a69ac4dde0c71b845d4.png\", \"storage\": \"django.core.files.storage.FileSystemStorage\", \"size\": [600, 800]}"
  }
},
{
  "model": "thumbnail.kvstore",
  "pk": "sorl-thumbnail||image||d59be0add016ce8b39bf5d841ed03f82",
  "fields": {
    "value": "{\"name\": \"cache/0d/e0/0de06b816cf98b7f877f9e4018ac3e6f.jpg\", \"storage\": \"django.core.files.storage.FileSystemStorage\", \"size\": [120, 160]}"
  }
},
{
  "model": "thumbnail.kvstore",
  "pk": "sorl-thumbnail||image||d59c3835adf586a457db62d4d6121ae4",
  "fields": {
    "value": "{\"name\": \"trouser_images/C2 CARGO/72cf50c7a0fe43f48042b627dd0acbb2.png\", \"storage\": \"django.core.files.storage.FileSystemStorage\", \"size\": [600, 800]}"
  }
},
{
  "model": "thumbnail.kvstore",
  "pk": "sorl-thumbnail||image||da8b32c63ada5d71f823be2e34dc57d4",
  "fields": {
    "value": "{\"name\": \"trouser_images/C2 CARGO/84ca46980a97455eb3067e9f5be67b10.png\", \"storage\": \"django.core.files.storage.FileSystemStorage\", \"size\": [600, 800]}"
  }
},
{
  "model": "thumbnail.kvstore",
  "pk": "sorl-thumbnail||image||e0a4318b2f656c6ec1d612aeca01ded0",
  "fields": {
    "value": "{\"name\": \"cache/85/d2/85d2ad8577d7d1cdb91a596ecaf2c516.jpg\", \"storage\": \"django.core.files.storage.FileSystemStorage\", \"size\": [120, 160]}"
  }
},
{
  "model": "thumbnail.kvstore",
  "pk": "sorl-thumbnail||image||e1f9ed7bb19882644a81f76e14e89e3f",
  "fields": {
    "value": "{\"name\": \"trouser_images/C5 CARGO/463138e130744474842b53f463d5003e.png\", \"storage\": \"django.core.files.storage.FileSystemStorage\", \"size\": [600, 800]}"
  }
},
{
  "model": "thumbnail.kvstore",
  "pk": "sorl-thumbnail||image||e5713120be05040b6eae7449834398b9",
  "fields": {
    "value": "{\"name\": \"cache/ea/eb/eaebcac827f8bff0e3982e07206e6907.png\", \"storage\": \"django.core.files.storage.FileSystemStorage\", \"size\": [60, 80]}"
  }
},
{
  "model": "thumbnail.kvstore",
  "pk": "sorl-thumbnail||image||eba525531a8bdaef1c97ee8de1741944",
  "fields": {
    "value": "{\"name\": \"cache/0d/5b/0d5b331924b5eee1d08948ef8302573c.png\", \"storage\": \"django.core.files.storage.FileSystemStorage\", \"size\": [60, 80]}"
  }
},
{
  "model": "thumbnail.kvstore",
  "pk": "sorl-thumbnail||image||ef3e3cbc15d4220569dce82d8240c0fb",
  "fields": {
    "value": "{\"name\": \"cache/34/08/3408f3082487f29910233bbe95198b9c.png\", \"storage\": \"django.core.files.storage.FileSystemStorage\", \"size\": [300, 400]}"
  }
},
{
  "model": "thumbnail.kvstore",
  "pk": "sorl-thumbnail||image||eff06445566dd325133fd7b74277e1ef",
  "fields": {
    "value": "{\"name\": \"cache/ae/fa/aefa920b7e8a9b8f72609659ac50f58f.png\", \"storage\": \"django.core.files.storage.FileSystemStorage\", \"size\": [60, 80]}"
  }
},
{
  "model": "thumbnail.kvstore",
  "pk": "sorl-thumbnail||image||f8bc5de7d222184fe339bbf55e1fa996",
  "fields": {
    "value": "{\"name\": \"cache/e8/c3/e8c3d7cddaddf86b0fda76117dd9e233.png\", \"storage\": \"django.core.files.storage.FileSystemStorage\", \"size\": [300, 400]}"
  }
},
{
  "model": "thumbnail.kvstore",
  "pk": "sorl-thumbnail||image||ff70ed458de8a581d8b1298b0dd82c85",
  "fields": {
    "value": "{\"name\": \"trouser_images/C25 CARGO/4b0ca19cfce84c86a53ff44b4febe26e.png\", \"storage\": \"django.core.files.storage.FileSystemStorage\", \"size\": [600, 800]}"
  }
},
{
  "model": "thumbnail.kvstore",
  "pk": "sorl-thumbnail||thumbnails||2c753b65e3fccc78b74000aee257f32b",
  "fields": {
    "value": "[\"960fde19edf771e3ec63ad5e64b3829b\", \"844319f57ff4667bd0baa49270cb52b5\"]"
  }
},
{
  "model": "thumbnail.kvstore",
  "pk": "sorl-thumbnail||thumbnails||40a71ae3b214b37613fd02f3aa4dd18b",
  "fields": {
    "value": "[\"b18ef96ce69e0548f430c353256ef6cd\", \"75c33ac09e8042ee1732d3c5a6eb8271\", \"cc3d490ecbf468d58d1b870a3902e183\"]"
  }
},
{
  "model": "thumbnail.kvstore",
  "pk": "sorl-thumbnail||thumbnails||54fa07a8d8ab1acb1371bf60583d3e59",
  "fields": {
    "value": "[\"e5713120be05040b6eae7449834398b9\"]"
  }
},
{
  "model": "thumbnail.kvstore",
  "pk": "sorl-thumbnail||thumbnails||614fbc883cdda9674b7c0f5a906dd79d",
  "fields": {
    "value": "[\"29da9b4d12e184b00a2d253034b5295a\", \"b86b03e7a403c52118600763d966ea74\", \"bce162ddadffda6d9bea1c0af7556971\"]"
  }
},
{
  "model": "thumbnail.kvstore",
  "pk": "sorl-thumbnail||thumbnails||78b7b70dd91e44b00a653d7b16ea7873",
  "fields": {
    "value": "[\"ef3e3cbc15d4220569dce82d8240c0fb\", \"8f9bc4214b8896e089b24fbebf2d8148\", \"eba525531a8bdaef1c97ee8de1741944\", \"9179f614be6192ce6c85e3a3b53a2890\"]"
  }
},
{
  "model": "thumbnail.kvstore",
  "pk": "sorl-thumbnail||thumbnails||791140b9b2dd8e1ff0a4b7f89d225799",
  "fields": {
    "value": "[\"02e07202fffc2ecb65aa6f3c0b373f87\", \"593f82cf1738ac94475796b7098036cd\", \"eff06445566dd325133fd7b74277e1ef\"]"
  }
},
{
  "model": "thumbnail.kvstore",
  "pk": "sorl-thumbnail||thumbnails||87b2da5a1dce72c7dcfb169d8c0be5b2",
  "fields": {
    "value": "[\"7bdb7008706f2f0ac351b240e10ed2b6\", \"81221da7cc3b6eff3c344a5f66dae724\", \"d4241b45c0d844423c0fc272774d3758\"]"
  }
},
{
  "model": "thumbnail.kvstore",
  "pk": "sorl-thumbnail||thumbnails||b629b363ce602bb13b9135ee2c336f5f",
  "fields": {
    "value": "[\"380bb3a9988b000ddcc456dbdf36410f\", \"8b043a980428b363d515ac6be834ea58\", \"a54ac30786f659948738cf948c671b91\", \"d59be0add016ce8b39bf5d841ed03f82\"]"
  }
},
{
  "model": "thumbnail.kvstore",
  "pk": "sorl-thumbnail||thumbnails||d430c44892a4c742253e2625c37f5e26",
  "fields": {
    "value": "[\"589a11376eca4dafde6017f9a8665ae6\", \"9933bc6583d980a7c1fb9e55e10da011\", \"1b8877bc1562477d316c4e2a1ebd21c7\"]"
  }
},
{
  "model": "thumbnail.kvstore",
  "pk": "sorl-thumbnail||thumbnails||d59c3835adf586a457db62d4d6121ae4",
  "fields": {
    "value": "[\"ad0b15f17da2cfe820981be5a93aaab6\", \"6c5382a68835aa682dc19bb09e0811b0\", \"8cb195b4d6eaa9e52cbdc48cf8c5ae77\"]"
  }
},
{
  "model": "thumbnail.kvstore",
  "pk": "sorl-thumbnail||thumbnails||da8b32c63ada5d71f823be2e34dc57d4",
  "fields": {
    "value": "[\"43770e238d1ddebe63f9bf86eb931371\", \"86096bcaaa523760be3c6a59db5b9399\", \"f8bc5de7d222184fe339bbf55e1fa996\"]"
  }
},
{
  "model": "thumbnail.kvstore",
  "pk": "sorl-thumbnail||thumbnails||e1f9ed7bb19882644a81f76e14e89e3f",
  "fields": {
    "value": "[\"68facbe219d9d0112c4533e4a183205a\", \"6cb1eca731f78da40a4ed549ca3aa83e\", \"e0a4318b2f656c6ec1d612aeca01ded0\", \"a22a48a46200167815348462d987e349\"]"
  }
},
{
  "model": "thumbnail.kvstore",
  "pk": "sorl-thumbnail||thumbnails||ff70ed458de8a581d8b1298b0dd82c85",
  "fields": {
    "value": "[\"a4e2c764d2d2d564cefd60ce8802404b\"]"
  }
},
{
  "model": "auth.permission",
  "pk": 1,
  "fields": {
    "name": "Can add log entry",
    "content_type": 1,
    "codename": "add_logentry"
  }
},
{
  "model": "auth.permission",
  "pk": 2,
  "fields": {
    "name": "Can change log entry",
    "content_type": 1,
    "codename": "change_logentry"
  }
},
{
  "model": "auth.permission",
  "pk": 3,
  "fields": {
    "name": "Can delete log entry",
    "content_type": 1,
    "codename": "delete_logentry"
  }
},
{
  "model": "auth.permission",
  "pk": 4,
  "fields": {
    "name": "Can view log entry",
    "content_type": 1,
    "codename": "view_logentry"
  }
},
{
  "model": "auth.permission",
  "pk": 5,
  "fields": {
    "name": "Can add permission",
    "content_type": 2,
    "codename": "add_permission"
  }
},
{
  "model": "auth.permission",
  "pk": 6,
  "fields": {
    "name": "Can change permission",
    "content_type": 2,
    "codename": "change_permission"
  }
},
{
  "model": "auth.permission",
  "pk": 7,
  "fields": {
    "name": "Can delete permission",
    "content_type": 2,
    "codename": "delete_permission"
  }
},
{
  "model": "auth.permission",
  "pk": 8,
  "fields": {
    "name": "Can view permission",
    "content_type": 2,
    "codename": "view_permission"
  }
},
{
  "model": "auth.permission",
  "pk": 9,
  "fields": {
    "name": "Can add group",
    "content_type": 3,
    "codename": "add_group"
  }
},
{
  "model": "auth.permission",
  "pk": 10,
  "fields": {
    "name": "Can change group",
    "content_type": 3,
    "codename": "change_group"
  }
},
{
  "model": "auth.permission",
  "pk": 11,
  "fields": {
    "name": "Can delete group",
    "content_type": 3,
    "codename": "delete_group"
  }
},
{
  "model": "auth.permission",
  "pk": 12,
  "fields": {
    "name": "Can view group",
    "content_type": 3,
    "codename": "view_group"
  }
},
{
  "model": "auth.permission",
  "pk": 13,
  "fields": {
    "name": "Can add content type",
    "content_type": 4,
    "codename": "add_contenttype"
  }
},
{
  "model": "auth.permission",
  "pk": 14,
  "fields": {
    "name": "Can change content type",
    "content_type": 4,
    "codename": "change_contenttype"
  }
},
{
  "model": "auth.permission",
  "pk": 15,
  "fields": {
    "name": "Can delete content type",
    "content_type": 4,
    "codename": "delete_contenttype"
  }
},
{
  "model": "auth.permission",
  "pk": 16,
  "fields": {
    "name": "Can view content type",
    "content_type": 4,
    "codename": "view_contenttype"
  }
},
{
  "model": "auth.permission",
  "pk": 17,
  "fields": {
    "name": "Can add session",
    "content_type": 5,
    "codename": "add_session"
  }
},
{
  "model": "auth.permission",
  "pk": 18,
  "fields": {
    "name": "Can change session",
    "content_type": 5,
    "codename": "change_session"
  }
},
{
  "model": "auth.permission",
  "pk": 19,
  "fields": {
    "name": "Can delete session",
    "content_type": 5,
    "codename": "delete_session"
  }
},
{
  "model": "auth.permission",
  "pk": 20,
  "fields": {
    "name": "Can view session",
    "content_type": 5,
    "codename": "view_session"
  }
},
{
  "model": "auth.permission",
  "pk": 21,
  "fields": {
    "name": "Can add site",
    "content_type": 6,
    "codename": "add_site"
  }
},
{
  "model": "auth.permission",
  "pk": 22,
  "fields": {
    "name": "Can change site",
    "content_type": 6,
    "codename": "change_site"
  }
},
{
  "model": "auth.permission",
  "pk": 23,
  "fields": {
    "name": "Can delete site",
    "content_type": 6,
    "codename": "delete_site"
  }
},
{
  "model": "auth.permission",
  "pk": 24,
  "fields": {
    "name": "Can view site",
    "content_type": 6,
    "codename": "view_site"
  }
},
{
  "model": "auth.permission",
  "pk": 25,
  "fields": {
    "name": "Can add redirect",
    "content_type": 7,
    "codename": "add_redirect"
  }
},
{
  "model": "auth.permission",
  "pk": 26,
  "fields": {
    "name": "Can change redirect",
    "content_type": 7,
    "codename": "change_redirect"
  }
},
{
  "model": "auth.permission",
  "pk": 27,
  "fields": {
    "name": "Can delete redirect",
    "content_type": 7,
    "codename": "delete_redirect"
  }
},
{
  "model": "auth.permission",
  "pk": 28,
  "fields": {
    "name": "Can view redirect",
    "content_type": 7,
    "codename": "view_redirect"
  }
},
{
  "model": "auth.permission",
  "pk": 29,
  "fields": {
    "name": "Can add flat page",
    "content_type": 8,
    "codename": "add_flatpage"
  }
},
{
  "model": "auth.permission",
  "pk": 30,
  "fields": {
    "name": "Can change flat page",
    "content_type": 8,
    "codename": "change_flatpage"
  }
},
{
  "model": "auth.permission",
  "pk": 31,
  "fields": {
    "name": "Can delete flat page",
    "content_type": 8,
    "codename": "delete_flatpage"
  }
},
{
  "model": "auth.permission",
  "pk": 32,
  "fields": {
    "name": "Can view flat page",
    "content_type": 8,
    "codename": "view_flatpage"
  }
},
{
  "model": "auth.permission",
  "pk": 33,
  "fields": {
    "name": "Can add trouser",
    "content_type": 9,
    "codename": "add_trouser"
  }
},
{
  "model": "auth.permission",
  "pk": 34,
  "fields": {
    "name": "Can change trouser",
    "content_type": 9,
    "codename": "change_trouser"
  }
},
{
  "model": "auth.permission",
  "pk": 35,
  "fields": {
    "name": "Can delete trouser",
    "content_type": 9,
    "codename": "delete_trouser"
  }
},
{
  "model": "auth.permission",
  "pk": 36,
  "fields": {
    "name": "Can view trouser",
    "content_type": 9,
    "codename": "view_trouser"
  }
},
{
  "model": "auth.permission",
  "pk": 37,
  "fields": {
    "name": "Can add trouser variant",
    "content_type": 10,
    "codename": "add_trouservariant"
  }
},
{
  "model": "auth.permission",
  "pk": 38,
  "fields": {
    "name": "Can change trouser variant",
    "content_type": 10,
    "codename": "change_trouservariant"
  }
},
{
  "model": "auth.permission",
  "pk": 39,
  "fields": {
    "name": "Can delete trouser variant",
    "content_type": 10,
    "codename": "delete_trouservariant"
  }
},
{
  "model": "auth.permission",
  "pk": 40,
  "fields": {
    "name": "Can view trouser variant",
    "content_type": 10,
    "codename": "view_trouservariant"
  }
},
{
  "model": "auth.permission",
  "pk": 41,
  "fields": {
    "name": "Can add trouser meta",
    "content_type": 11,
    "codename": "add_trousermeta"
  }
},
{
  "model": "auth.permission",
  "pk": 42,
  "fields": {
    "name": "Can change trouser meta",
    "content_type": 11,
    "codename": "change_trousermeta"
  }
},
{
  "model": "auth.permission",
  "pk": 43,
  "fields": {
    "name": "Can delete trouser meta",
    "content_type": 11,
    "codename": "delete_trousermeta"
  }
},
{
  "model": "auth.permission",
  "pk": 44,
  "fields": {
    "name": "Can view trouser meta",
    "content_type": 11,
    "codename": "view_trousermeta"
  }
},
{
  "model": "auth.permission",
  "pk": 45,
  "fields": {
    "name": "Can add menu",
    "content_type": 12,
    "codename": "add_menu"
  }
},
{
  "model": "auth.permission",
  "pk": 46,
  "fields": {
    "name": "Can change menu",
    "content_type": 12,
    "codename": "change_menu"
  }
},
{
  "model": "auth.permission",
  "pk": 47,
  "fields": {
    "name": "Can delete menu",
    "content_type": 12,
    "codename": "delete_menu"
  }
},
{
  "model": "auth.permission",
  "pk": 48,
  "fields": {
    "name": "Can view menu",
    "content_type": 12,
    "codename": "view_menu"
  }
},
{
  "model": "auth.permission",
  "pk": 49,
  "fields": {
    "name": "Can add image",
    "content_type": 13,
    "codename": "add_image"
  }
},
{
  "model": "auth.permission",
  "pk": 50,
  "fields": {
    "name": "Can change image",
    "content_type": 13,
    "codename": "change_image"
  }
},
{
  "model": "auth.permission",
  "pk": 51,
  "fields": {
    "name": "Can delete image",
    "content_type": 13,
    "codename": "delete_image"
  }
},
{
  "model": "auth.permission",
  "pk": 52,
  "fields": {
    "name": "Can view image",
    "content_type": 13,
    "codename": "view_image"
  }
},
{
  "model": "auth.permission",
  "pk": 53,
  "fields": {
    "name": "Can add user",
    "content_type": 14,
    "codename": "add_user"
  }
},
{
  "model": "auth.permission",
  "pk": 54,
  "fields": {
    "name": "Can change user",
    "content_type": 14,
    "codename": "change_user"
  }
},
{
  "model": "auth.permission",
  "pk": 55,
  "fields": {
    "name": "Can delete user",
    "content_type": 14,
    "codename": "delete_user"
  }
},
{
  "model": "auth.permission",
  "pk": 56,
  "fields": {
    "name": "Can view user",
    "content_type": 14,
    "codename": "view_user"
  }
},
{
  "model": "auth.permission",
  "pk": 57,
  "fields": {
    "name": "Can add Tag",
    "content_type": 15,
    "codename": "add_tag"
  }
},
{
  "model": "auth.permission",
  "pk": 58,
  "fields": {
    "name": "Can change Tag",
    "content_type": 15,
    "codename": "change_tag"
  }
},
{
  "model": "auth.permission",
  "pk": 59,
  "fields": {
    "name": "Can delete Tag",
    "content_type": 15,
    "codename": "delete_tag"
  }
},
{
  "model": "auth.permission",
  "pk": 60,
  "fields": {
    "name": "Can view Tag",
    "content_type": 15,
    "codename": "view_tag"
  }
},
{
  "model": "auth.permission",
  "pk": 61,
  "fields": {
    "name": "Can add Tagged Item",
    "content_type": 16,
    "codename": "add_taggeditem"
  }
},
{
  "model": "auth.permission",
  "pk": 62,
  "fields": {
    "name": "Can change Tagged Item",
    "content_type": 16,
    "codename": "change_taggeditem"
  }
},
{
  "model": "auth.permission",
  "pk": 63,
  "fields": {
    "name": "Can delete Tagged Item",
    "content_type": 16,
    "codename": "delete_taggeditem"
  }
},
{
  "model": "auth.permission",
  "pk": 64,
  "fields": {
    "name": "Can view Tagged Item",
    "content_type": 16,
    "codename": "view_taggeditem"
  }
},
{
  "model": "auth.permission",
  "pk": 65,
  "fields": {
    "name": "Can add login attempt",
    "content_type": 17,
    "codename": "add_loginattempt"
  }
},
{
  "model": "auth.permission",
  "pk": 66,
  "fields": {
    "name": "Can change login attempt",
    "content_type": 17,
    "codename": "change_loginattempt"
  }
},
{
  "model": "auth.permission",
  "pk": 67,
  "fields": {
    "name": "Can delete login attempt",
    "content_type": 17,
    "codename": "delete_loginattempt"
  }
},
{
  "model": "auth.permission",
  "pk": 68,
  "fields": {
    "name": "Can view login attempt",
    "content_type": 17,
    "codename": "view_loginattempt"
  }
},
{
  "model": "auth.permission",
  "pk": 69,
  "fields": {
    "name": "Can add kv store",
    "content_type": 18,
    "codename": "add_kvstore"
  }
},
{
  "model": "auth.permission",
  "pk": 70,
  "fields": {
    "name": "Can change kv store",
    "content_type": 18,
    "codename": "change_kvstore"
  }
},
{
  "model": "auth.permission",
  "pk": 71,
  "fields": {
    "name": "Can delete kv store",
    "content_type": 18,
    "codename": "delete_kvstore"
  }
},
{
  "model": "auth.permission",
  "pk": 72,
  "fields": {
    "name": "Can view kv store",
    "content_type": 18,
    "codename": "view_kvstore"
  }
},
{
  "model": "auth.permission",
  "pk": 73,
  "fields": {
    "name": "Can add email activation",
    "content_type": 19,
    "codename": "add_emailactivation"
  }
},
{
  "model": "auth.permission",
  "pk": 74,
  "fields": {
    "name": "Can change email activation",
    "content_type": 19,
    "codename": "change_emailactivation"
  }
},
{
  "model": "auth.permission",
  "pk": 75,
  "fields": {
    "name": "Can delete email activation",
    "content_type": 19,
    "codename": "delete_emailactivation"
  }
},
{
  "model": "auth.permission",
  "pk": 76,
  "fields": {
    "name": "Can view email activation",
    "content_type": 19,
    "codename": "view_emailactivation"
  }
},
{
  "model": "auth.permission",
  "pk": 77,
  "fields": {
    "name": "Can add crontab",
    "content_type": 20,
    "codename": "add_crontabschedule"
  }
},
{
  "model": "auth.permission",
  "pk": 78,
  "fields": {
    "name": "Can change crontab",
    "content_type": 20,
    "codename": "change_crontabschedule"
  }
},
{
  "model": "auth.permission",
  "pk": 79,
  "fields": {
    "name": "Can delete crontab",
    "content_type": 20,
    "codename": "delete_crontabschedule"
  }
},
{
  "model": "auth.permission",
  "pk": 80,
  "fields": {
    "name": "Can view crontab",
    "content_type": 20,
    "codename": "view_crontabschedule"
  }
},
{
  "model": "auth.permission",
  "pk": 81,
  "fields": {
    "name": "Can add interval",
    "content_type": 21,
    "codename": "add_intervalschedule"
  }
},
{
  "model": "auth.permission",
  "pk": 82,
  "fields": {
    "name": "Can change interval",
    "content_type": 21,
    "codename": "change_intervalschedule"
  }
},
{
  "model": "auth.permission",
  "pk": 83,
  "fields": {
    "name": "Can delete interval",
    "content_type": 21,
    "codename": "delete_intervalschedule"
  }
},
{
  "model": "auth.permission",
  "pk": 84,
  "fields": {
    "name": "Can view interval",
    "content_type": 21,
    "codename": "view_intervalschedule"
  }
},
{
  "model": "auth.permission",
  "pk": 85,
  "fields": {
    "name": "Can add periodic task",
    "content_type": 22,
    "codename": "add_periodictask"
  }
},
{
  "model": "auth.permission",
  "pk": 86,
  "fields": {
    "name": "Can change periodic task",
    "content_type": 22,
    "codename": "change_periodictask"
  }
},
{
  "model": "auth.permission",
  "pk": 87,
  "fields": {
    "name": "Can delete periodic task",
    "content_type": 22,
    "codename": "delete_periodictask"
  }
},
{
  "model": "auth.permission",
  "pk": 88,
  "fields": {
    "name": "Can view periodic task",
    "content_type": 22,
    "codename": "view_periodictask"
  }
},
{
  "model": "auth.permission",
  "pk": 89,
  "fields": {
    "name": "Can add periodic tasks",
    "content_type": 23,
    "codename": "add_periodictasks"
  }
},
{
  "model": "auth.permission",
  "pk": 90,
  "fields": {
    "name": "Can change periodic tasks",
    "content_type": 23,
    "codename": "change_periodictasks"
  }
},
{
  "model": "auth.permission",
  "pk": 91,
  "fields": {
    "name": "Can delete periodic tasks",
    "content_type": 23,
    "codename": "delete_periodictasks"
  }
},
{
  "model": "auth.permission",
  "pk": 92,
  "fields": {
    "name": "Can view periodic tasks",
    "content_type": 23,
    "codename": "view_periodictasks"
  }
},
{
  "model": "auth.permission",
  "pk": 93,
  "fields": {
    "name": "Can add solar event",
    "content_type": 24,
    "codename": "add_solarschedule"
  }
},
{
  "model": "auth.permission",
  "pk": 94,
  "fields": {
    "name": "Can change solar event",
    "content_type": 24,
    "codename": "change_solarschedule"
  }
},
{
  "model": "auth.permission",
  "pk": 95,
  "fields": {
    "name": "Can delete solar event",
    "content_type": 24,
    "codename": "delete_solarschedule"
  }
},
{
  "model": "auth.permission",
  "pk": 96,
  "fields": {
    "name": "Can view solar event",
    "content_type": 24,
    "codename": "view_solarschedule"
  }
},
{
  "model": "auth.permission",
  "pk": 97,
  "fields": {
    "name": "Can add clocked",
    "content_type": 25,
    "codename": "add_clockedschedule"
  }
},
{
  "model": "auth.permission",
  "pk": 98,
  "fields": {
    "name": "Can change clocked",
    "content_type": 25,
    "codename": "change_clockedschedule"
  }
},
{
  "model": "auth.permission",
  "pk": 99,
  "fields": {
    "name": "Can delete clocked",
    "content_type": 25,
    "codename": "delete_clockedschedule"
  }
},
{
  "model": "auth.permission",
  "pk": 100,
  "fields": {
    "name": "Can view clocked",
    "content_type": 25,
    "codename": "view_clockedschedule"
  }
},
{
  "model": "auth.permission",
  "pk": 101,
  "fields": {
    "name": "Can add guest email",
    "content_type": 26,
    "codename": "add_guestemail"
  }
},
{
  "model": "auth.permission",
  "pk": 102,
  "fields": {
    "name": "Can change guest email",
    "content_type": 26,
    "codename": "change_guestemail"
  }
},
{
  "model": "auth.permission",
  "pk": 103,
  "fields": {
    "name": "Can delete guest email",
    "content_type": 26,
    "codename": "delete_guestemail"
  }
},
{
  "model": "auth.permission",
  "pk": 104,
  "fields": {
    "name": "Can view guest email",
    "content_type": 26,
    "codename": "view_guestemail"
  }
},
{
  "model": "auth.permission",
  "pk": 105,
  "fields": {
    "name": "Can add billing profile",
    "content_type": 27,
    "codename": "add_billingprofile"
  }
},
{
  "model": "auth.permission",
  "pk": 106,
  "fields": {
    "name": "Can change billing profile",
    "content_type": 27,
    "codename": "change_billingprofile"
  }
},
{
  "model": "auth.permission",
  "pk": 107,
  "fields": {
    "name": "Can delete billing profile",
    "content_type": 27,
    "codename": "delete_billingprofile"
  }
},
{
  "model": "auth.permission",
  "pk": 108,
  "fields": {
    "name": "Can view billing profile",
    "content_type": 27,
    "codename": "view_billingprofile"
  }
},
{
  "model": "auth.permission",
  "pk": 109,
  "fields": {
    "name": "Can add address",
    "content_type": 28,
    "codename": "add_address"
  }
},
{
  "model": "auth.permission",
  "pk": 110,
  "fields": {
    "name": "Can change address",
    "content_type": 28,
    "codename": "change_address"
  }
},
{
  "model": "auth.permission",
  "pk": 111,
  "fields": {
    "name": "Can delete address",
    "content_type": 28,
    "codename": "delete_address"
  }
},
{
  "model": "auth.permission",
  "pk": 112,
  "fields": {
    "name": "Can view address",
    "content_type": 28,
    "codename": "view_address"
  }
},
{
  "model": "auth.permission",
  "pk": 113,
  "fields": {
    "name": "Can add order",
    "content_type": 29,
    "codename": "add_order"
  }
},
{
  "model": "auth.permission",
  "pk": 114,
  "fields": {
    "name": "Can change order",
    "content_type": 29,
    "codename": "change_order"
  }
},
{
  "model": "auth.permission",
  "pk": 115,
  "fields": {
    "name": "Can delete order",
    "content_type": 29,
    "codename": "delete_order"
  }
},
{
  "model": "auth.permission",
  "pk": 116,
  "fields": {
    "name": "Can view order",
    "content_type": 29,
    "codename": "view_order"
  }
},
{
  "model": "auth.permission",
  "pk": 117,
  "fields": {
    "name": "Can add order item",
    "content_type": 30,
    "codename": "add_orderitem"
  }
},
{
  "model": "auth.permission",
  "pk": 118,
  "fields": {
    "name": "Can change order item",
    "content_type": 30,
    "codename": "change_orderitem"
  }
},
{
  "model": "auth.permission",
  "pk": 119,
  "fields": {
    "name": "Can delete order item",
    "content_type": 30,
    "codename": "delete_orderitem"
  }
},
{
  "model": "auth.permission",
  "pk": 120,
  "fields": {
    "name": "Can view order item",
    "content_type": 30,
    "codename": "view_orderitem"
  }
},
{
  "model": "auth.group",
  "pk": 1,
  "fields": {
    "name": "Sales",
    "permissions": [
      49,
      50,
      51,
      52,
      33,
      34,
      35,
      36,
      41,
      42,
      43,
      44,
      37,
      38,
      39,
      40,
      57,
      58,
      59,
      60,
      61,
      62,
      63,
      64
    ]
  }
},
{
  "model": "accounts.user",
  "pk": 1,
  "fields": {
    "password": "pbkdf2_sha256$180000$n53tdIHPSnSq$3l+N7YBU+NXjgrTCBVqyIUB60eFZycc0HajGOHZ7BVM=",
    "last_login": "2020-11-24T00:01:04.110Z",
    "is_superuser": true,
    "email": "charlesboy49@gmail.com",
    "first_name": "Charles",
    "last_name": "Oraegbu",
    "is_staff": true,
    "is_active": true,
    "date_joined": "2020-11-05T09:20:54.322Z",
    "groups": [],
    "user_permissions": []
  }
},
{
  "model": "accounts.user",
  "pk": 3,
  "fields": {
    "password": "pbkdf2_sha256$180000$15Ajy8PwACVQ$g2Hk0GcHiGtrb7v6isloWciqn5BcLLB0ScPV6ukoEd4=",
    "last_login": "2020-11-05T11:28:15.482Z",
    "is_superuser": false,
    "email": "sornshyne@gmail.com",
    "first_name": "Sunshine",
    "last_name": "Akubada",
    "is_staff": true,
    "is_active": true,
    "date_joined": "2020-11-05T11:27:24.347Z",
    "groups": [
      1
    ],
    "user_permissions": []
  }
},
{
  "model": "accounts.user",
  "pk": 30,
  "fields": {
    "password": "pbkdf2_sha256$180000$BgCctsO8QLGw$OxNhS+w+ohG5lryxR4zd5temsxsL1GbRuLTct5uCC7M=",
    "last_login": "2020-11-20T20:13:58.535Z",
    "is_superuser": false,
    "email": "oraegbucharlesc@gmail.com",
    "first_name": "Charles",
    "last_name": "Oraegbu",
    "is_staff": false,
    "is_active": true,
    "date_joined": "2020-11-13T10:43:27.943Z",
    "groups": [],
    "user_permissions": []
  }
},
{
  "model": "accounts.user",
  "pk": 31,
  "fields": {
    "password": "pbkdf2_sha256$180000$BW72stKw8QVC$Q3ESzAiDXTix68sfVkyinEgbzqeFnTGaPt4cBqEEfSk=",
    "last_login": null,
    "is_superuser": false,
    "email": "temidayo2011@gmail.com",
    "first_name": "Temidayo",
    "last_name": "Oyegoke",
    "is_staff": false,
    "is_active": true,
    "date_joined": "2020-11-14T06:45:50.886Z",
    "groups": [],
    "user_permissions": []
  }
},
{
  "model": "accounts.emailactivation",
  "pk": 1,
  "fields": {
    "user": 1,
    "email": "charlesboy49@gmail.com",
    "activated": true,
    "forced_expired": false,
    "expires": 3,
    "timestamp": "2020-11-09T01:56:19.826Z",
    "update": "2020-11-09T01:56:19.826Z"
  }
},
{
  "model": "accounts.emailactivation",
  "pk": 2,
  "fields": {
    "user": 3,
    "email": "sornshyne@gmail.com",
    "activated": true,
    "forced_expired": false,
    "expires": 3,
    "timestamp": "2020-11-09T01:56:42.488Z",
    "update": "2020-11-09T01:56:42.488Z"
  }
},
{
  "model": "accounts.emailactivation",
  "pk": 25,
  "fields": {
    "user": 30,
    "email": "oraegbucharlesc@gmail.com",
    "activated": true,
    "forced_expired": false,
    "expires": 3,
    "timestamp": "2020-11-13T10:43:32.211Z",
    "update": "2020-11-13T10:45:14.783Z"
  }
},
{
  "model": "accounts.emailactivation",
  "pk": 26,
  "fields": {
    "user": 31,
    "email": "temidayo2011@gmail.com",
    "activated": false,
    "forced_expired": false,
    "expires": 3,
    "timestamp": "2020-11-14T06:45:52.733Z",
    "update": "2020-11-14T06:45:52.733Z"
  }
},
{
  "model": "billing.billingprofile",
  "pk": 1,
  "fields": {
    "user": 31,
    "email": "temidayo2011@gmail.com",
    "active": true,
    "update": "2020-11-14T06:45:51.790Z",
    "timestamp": "2020-11-14T06:45:51.790Z",
    "customer_id": null
  }
},
{
  "model": "billing.billingprofile",
  "pk": 2,
  "fields": {
    "user": 30,
    "email": "oraegbucharlesc@gmail.com",
    "active": true,
    "update": "2020-11-14T06:47:10.643Z",
    "timestamp": "2020-11-14T06:47:10.643Z",
    "customer_id": null
  }
},
{
  "model": "billing.billingprofile",
  "pk": 3,
  "fields": {
    "user": 1,
    "email": "charlesboy49@gmail.com",
    "active": true,
    "update": "2020-11-14T07:22:22.051Z",
    "timestamp": "2020-11-14T07:22:22.051Z",
    "customer_id": null
  }
},
{
  "model": "billing.billingprofile",
  "pk": 5,
  "fields": {
    "user": null,
    "email": "fasholaterrzz@gmail.com",
    "active": true,
    "update": "2020-11-20T20:10:18.513Z",
    "timestamp": "2020-11-20T20:10:18.513Z",
    "customer_id": null
  }
},
{
  "model": "billing.billingprofile",
  "pk": 6,
  "fields": {
    "user": null,
    "email": "stemia2000@gmail.com",
    "active": true,
    "update": "2020-11-22T15:10:12.677Z",
    "timestamp": "2020-11-22T15:10:12.677Z",
    "customer_id": null
  }
},
{
  "model": "admin.logentry",
  "pk": 1,
  "fields": {
    "action_time": "2020-11-05T10:28:39.742Z",
    "user": 1,
    "content_type": 14,
    "object_id": "1",
    "object_repr": "charlesboy49@gmail.com",
    "action_flag": 2,
    "change_message": "[{\"changed\": {\"fields\": [\"First name\", \"Last name\"]}}]"
  }
},
{
  "model": "admin.logentry",
  "pk": 2,
  "fields": {
    "action_time": "2020-11-05T10:30:13.712Z",
    "user": 1,
    "content_type": 14,
    "object_id": "1",
    "object_repr": "charlesboy49@gmail.com",
    "action_flag": 2,
    "change_message": "[]"
  }
},
{
  "model": "admin.logentry",
  "pk": 3,
  "fields": {
    "action_time": "2020-11-05T10:46:07.907Z",
    "user": 1,
    "content_type": 14,
    "object_id": "2",
    "object_repr": "sornshyne@gmail.com",
    "action_flag": 1,
    "change_message": "[{\"added\": {}}]"
  }
},
{
  "model": "admin.logentry",
  "pk": 4,
  "fields": {
    "action_time": "2020-11-05T10:55:58.138Z",
    "user": 1,
    "content_type": 14,
    "object_id": "2",
    "object_repr": "sornshyne@gmail.com",
    "action_flag": 3,
    "change_message": ""
  }
},
{
  "model": "admin.logentry",
  "pk": 5,
  "fields": {
    "action_time": "2020-11-05T11:26:51.940Z",
    "user": 1,
    "content_type": 3,
    "object_id": "1",
    "object_repr": "Sales",
    "action_flag": 1,
    "change_message": "[{\"added\": {}}]"
  }
},
{
  "model": "admin.logentry",
  "pk": 6,
  "fields": {
    "action_time": "2020-11-05T11:27:24.899Z",
    "user": 1,
    "content_type": 14,
    "object_id": "3",
    "object_repr": "sornshyne@gmail.com",
    "action_flag": 1,
    "change_message": "[{\"added\": {}}]"
  }
},
{
  "model": "admin.logentry",
  "pk": 7,
  "fields": {
    "action_time": "2020-11-05T11:27:52.717Z",
    "user": 1,
    "content_type": 14,
    "object_id": "3",
    "object_repr": "sornshyne@gmail.com",
    "action_flag": 2,
    "change_message": "[{\"changed\": {\"fields\": [\"Staff status\", \"Groups\"]}}]"
  }
},
{
  "model": "admin.logentry",
  "pk": 8,
  "fields": {
    "action_time": "2020-11-05T11:29:38.452Z",
    "user": 1,
    "content_type": 14,
    "object_id": "3",
    "object_repr": "sornshyne@gmail.com",
    "action_flag": 2,
    "change_message": "[{\"changed\": {\"fields\": [\"First name\", \"Last name\"]}}]"
  }
},
{
  "model": "admin.logentry",
  "pk": 9,
  "fields": {
    "action_time": "2020-11-05T11:32:42.200Z",
    "user": 1,
    "content_type": 9,
    "object_id": "1",
    "object_repr": "C2 CARGO",
    "action_flag": 2,
    "change_message": "[{\"changed\": {\"fields\": [\"Tags\"]}}]"
  }
},
{
  "model": "admin.logentry",
  "pk": 10,
  "fields": {
    "action_time": "2020-11-05T11:33:06.427Z",
    "user": 1,
    "content_type": 9,
    "object_id": "2",
    "object_repr": "C5 CARGO",
    "action_flag": 2,
    "change_message": "[{\"changed\": {\"fields\": [\"Tags\"]}}]"
  }
},
{
  "model": "admin.logentry",
  "pk": 11,
  "fields": {
    "action_time": "2020-11-05T11:35:04.012Z",
    "user": 1,
    "content_type": 6,
    "object_id": "1",
    "object_repr": "127.0.0.1:8000",
    "action_flag": 2,
    "change_message": "[{\"changed\": {\"fields\": [\"Domain name\", \"Display name\"]}}]"
  }
},
{
  "model": "admin.logentry",
  "pk": 12,
  "fields": {
    "action_time": "2020-11-05T11:35:32.475Z",
    "user": 1,
    "content_type": 7,
    "object_id": "1",
    "object_repr": "/ ---> /shop/",
    "action_flag": 1,
    "change_message": "[{\"added\": {}}]"
  }
},
{
  "model": "admin.logentry",
  "pk": 13,
  "fields": {
    "action_time": "2020-11-07T08:53:45.565Z",
    "user": 1,
    "content_type": 14,
    "object_id": "4",
    "object_repr": "charles@gmail.com",
    "action_flag": 3,
    "change_message": ""
  }
},
{
  "model": "admin.logentry",
  "pk": 14,
  "fields": {
    "action_time": "2020-11-08T13:45:42.192Z",
    "user": 1,
    "content_type": 14,
    "object_id": "5",
    "object_repr": "sornshyne1@gmail.com",
    "action_flag": 3,
    "change_message": ""
  }
},
{
  "model": "admin.logentry",
  "pk": 15,
  "fields": {
    "action_time": "2020-11-09T01:56:19.845Z",
    "user": 1,
    "content_type": 19,
    "object_id": "1",
    "object_repr": "charlesboy49@gmail.com",
    "action_flag": 1,
    "change_message": "[{\"added\": {}}]"
  }
},
{
  "model": "admin.logentry",
  "pk": 16,
  "fields": {
    "action_time": "2020-11-09T01:56:42.511Z",
    "user": 1,
    "content_type": 19,
    "object_id": "2",
    "object_repr": "sornshyne@gmail.com",
    "action_flag": 1,
    "change_message": "[{\"added\": {}}]"
  }
},
{
  "model": "admin.logentry",
  "pk": 17,
  "fields": {
    "action_time": "2020-11-09T05:03:01.228Z",
    "user": 1,
    "content_type": 14,
    "object_id": "4",
    "object_repr": "oraegbucharlesc@gmail.com",
    "action_flag": 3,
    "change_message": ""
  }
},
{
  "model": "admin.logentry",
  "pk": 18,
  "fields": {
    "action_time": "2020-11-09T05:21:46.789Z",
    "user": 1,
    "content_type": 14,
    "object_id": "5",
    "object_repr": "oraegbucharlesc@gmail.com",
    "action_flag": 3,
    "change_message": ""
  }
},
{
  "model": "admin.logentry",
  "pk": 19,
  "fields": {
    "action_time": "2020-11-09T05:22:30.691Z",
    "user": 1,
    "content_type": 14,
    "object_id": "6",
    "object_repr": "oraegbucharlesc@gmail.com",
    "action_flag": 1,
    "change_message": "[{\"added\": {}}]"
  }
},
{
  "model": "admin.logentry",
  "pk": 20,
  "fields": {
    "action_time": "2020-11-09T05:23:08.068Z",
    "user": 1,
    "content_type": 14,
    "object_id": "6",
    "object_repr": "oraegbucharlesc@gmail.com",
    "action_flag": 3,
    "change_message": ""
  }
},
{
  "model": "admin.logentry",
  "pk": 21,
  "fields": {
    "action_time": "2020-11-09T05:30:25.452Z",
    "user": 1,
    "content_type": 14,
    "object_id": "7",
    "object_repr": "oraegbucharlesc@gmail.com",
    "action_flag": 3,
    "change_message": ""
  }
},
{
  "model": "admin.logentry",
  "pk": 22,
  "fields": {
    "action_time": "2020-11-09T05:36:45.047Z",
    "user": 1,
    "content_type": 14,
    "object_id": "8",
    "object_repr": "oraegbucharlesc@gmail.com",
    "action_flag": 3,
    "change_message": ""
  }
},
{
  "model": "admin.logentry",
  "pk": 23,
  "fields": {
    "action_time": "2020-11-09T05:42:45.621Z",
    "user": 1,
    "content_type": 14,
    "object_id": "9",
    "object_repr": "oraegbucharlesc@gmail.com",
    "action_flag": 3,
    "change_message": ""
  }
},
{
  "model": "admin.logentry",
  "pk": 24,
  "fields": {
    "action_time": "2020-11-09T05:51:45.221Z",
    "user": 1,
    "content_type": 14,
    "object_id": "10",
    "object_repr": "oraegbucharlesc@gmail.com",
    "action_flag": 3,
    "change_message": ""
  }
},
{
  "model": "admin.logentry",
  "pk": 25,
  "fields": {
    "action_time": "2020-11-09T05:54:12.803Z",
    "user": 1,
    "content_type": 14,
    "object_id": "11",
    "object_repr": "oraegbucharlesc@gmail.com",
    "action_flag": 3,
    "change_message": ""
  }
},
{
  "model": "admin.logentry",
  "pk": 26,
  "fields": {
    "action_time": "2020-11-09T05:56:31.774Z",
    "user": 1,
    "content_type": 14,
    "object_id": "12",
    "object_repr": "oraegbucharlesc@gmail.com",
    "action_flag": 3,
    "change_message": ""
  }
},
{
  "model": "admin.logentry",
  "pk": 27,
  "fields": {
    "action_time": "2020-11-09T05:58:09.019Z",
    "user": 1,
    "content_type": 14,
    "object_id": "13",
    "object_repr": "oraegbucharlesc@gmail.com",
    "action_flag": 3,
    "change_message": ""
  }
},
{
  "model": "admin.logentry",
  "pk": 28,
  "fields": {
    "action_time": "2020-11-09T06:09:34.594Z",
    "user": 1,
    "content_type": 14,
    "object_id": "14",
    "object_repr": "oraegbucharlesc@gmail.com",
    "action_flag": 3,
    "change_message": ""
  }
},
{
  "model": "admin.logentry",
  "pk": 29,
  "fields": {
    "action_time": "2020-11-09T06:11:36.809Z",
    "user": 1,
    "content_type": 14,
    "object_id": "15",
    "object_repr": "oraegbucharlesc@gmail.com",
    "action_flag": 3,
    "change_message": ""
  }
},
{
  "model": "admin.logentry",
  "pk": 30,
  "fields": {
    "action_time": "2020-11-09T06:19:52.022Z",
    "user": 1,
    "content_type": 14,
    "object_id": "16",
    "object_repr": "oraegbucharlesc@gmail.com",
    "action_flag": 3,
    "change_message": ""
  }
},
{
  "model": "admin.logentry",
  "pk": 31,
  "fields": {
    "action_time": "2020-11-09T06:35:11.756Z",
    "user": 1,
    "content_type": 14,
    "object_id": "17",
    "object_repr": "oraegbucharlesc@gmail.com",
    "action_flag": 3,
    "change_message": ""
  }
},
{
  "model": "admin.logentry",
  "pk": 32,
  "fields": {
    "action_time": "2020-11-09T06:40:52.406Z",
    "user": 1,
    "content_type": 14,
    "object_id": "18",
    "object_repr": "oraegbucharlesc@gmail.com",
    "action_flag": 3,
    "change_message": ""
  }
},
{
  "model": "admin.logentry",
  "pk": 33,
  "fields": {
    "action_time": "2020-11-09T06:43:40.835Z",
    "user": 1,
    "content_type": 14,
    "object_id": "19",
    "object_repr": "oraegbucharlesc@gmail.com",
    "action_flag": 3,
    "change_message": ""
  }
},
{
  "model": "admin.logentry",
  "pk": 34,
  "fields": {
    "action_time": "2020-11-09T06:45:25.179Z",
    "user": 1,
    "content_type": 14,
    "object_id": "20",
    "object_repr": "oraegbucharlesc@gmail.com",
    "action_flag": 3,
    "change_message": ""
  }
},
{
  "model": "admin.logentry",
  "pk": 35,
  "fields": {
    "action_time": "2020-11-09T07:13:23.656Z",
    "user": 1,
    "content_type": 14,
    "object_id": "21",
    "object_repr": "oraegbucharlesc@gmail.com",
    "action_flag": 3,
    "change_message": ""
  }
},
{
  "model": "admin.logentry",
  "pk": 36,
  "fields": {
    "action_time": "2020-11-09T12:34:04.589Z",
    "user": 1,
    "content_type": 14,
    "object_id": "23",
    "object_repr": "akinfashola@gmail.com",
    "action_flag": 3,
    "change_message": ""
  }
},
{
  "model": "admin.logentry",
  "pk": 37,
  "fields": {
    "action_time": "2020-11-10T14:52:43.213Z",
    "user": 1,
    "content_type": 14,
    "object_id": "24",
    "object_repr": "akinfashola@gmail.com",
    "action_flag": 3,
    "change_message": ""
  }
},
{
  "model": "admin.logentry",
  "pk": 38,
  "fields": {
    "action_time": "2020-11-12T04:30:52.313Z",
    "user": 1,
    "content_type": 6,
    "object_id": "2",
    "object_repr": "192.168.43.184:8000",
    "action_flag": 1,
    "change_message": "[{\"added\": {}}]"
  }
},
{
  "model": "admin.logentry",
  "pk": 39,
  "fields": {
    "action_time": "2020-11-12T09:41:06.502Z",
    "user": 1,
    "content_type": 14,
    "object_id": "22",
    "object_repr": "oraegbucharlesc@gmail.com",
    "action_flag": 3,
    "change_message": ""
  }
},
{
  "model": "admin.logentry",
  "pk": 40,
  "fields": {
    "action_time": "2020-11-12T10:14:12.755Z",
    "user": 1,
    "content_type": 14,
    "object_id": "25",
    "object_repr": "oraegbucharlesc@gmail.com",
    "action_flag": 3,
    "change_message": ""
  }
},
{
  "model": "admin.logentry",
  "pk": 41,
  "fields": {
    "action_time": "2020-11-12T10:17:38.390Z",
    "user": 1,
    "content_type": 14,
    "object_id": "26",
    "object_repr": "oraegbucharlesc@gmail.com",
    "action_flag": 3,
    "change_message": ""
  }
},
{
  "model": "admin.logentry",
  "pk": 42,
  "fields": {
    "action_time": "2020-11-12T11:41:31.555Z",
    "user": 1,
    "content_type": 14,
    "object_id": "27",
    "object_repr": "oraegbucharlesc@gmail.com",
    "action_flag": 3,
    "change_message": ""
  }
},
{
  "model": "admin.logentry",
  "pk": 43,
  "fields": {
    "action_time": "2020-11-12T13:31:07.575Z",
    "user": 1,
    "content_type": 14,
    "object_id": "28",
    "object_repr": "oraegbucharlesc@gmail.com",
    "action_flag": 3,
    "change_message": ""
  }
},
{
  "model": "admin.logentry",
  "pk": 44,
  "fields": {
    "action_time": "2020-11-12T13:37:16.280Z",
    "user": 1,
    "content_type": 9,
    "object_id": "1",
    "object_repr": "C2 CARGO",
    "action_flag": 2,
    "change_message": "[{\"changed\": {\"name\": \"trouser meta\", \"object\": \"Red C2 CARGO\", \"fields\": [\"Stock\"]}}]"
  }
},
{
  "model": "admin.logentry",
  "pk": 45,
  "fields": {
    "action_time": "2020-11-12T13:39:27.470Z",
    "user": 1,
    "content_type": 9,
    "object_id": "1",
    "object_repr": "C2 CARGO",
    "action_flag": 2,
    "change_message": "[{\"changed\": {\"name\": \"trouser meta\", \"object\": \"Red C2 CARGO\", \"fields\": [\"Stock\"]}}]"
  }
},
{
  "model": "admin.logentry",
  "pk": 46,
  "fields": {
    "action_time": "2020-11-12T13:40:11.207Z",
    "user": 1,
    "content_type": 9,
    "object_id": "1",
    "object_repr": "C2 CARGO",
    "action_flag": 2,
    "change_message": "[]"
  }
},
{
  "model": "admin.logentry",
  "pk": 47,
  "fields": {
    "action_time": "2020-11-12T13:40:36.955Z",
    "user": 1,
    "content_type": 9,
    "object_id": "1",
    "object_repr": "C2 CARGO",
    "action_flag": 2,
    "change_message": "[{\"changed\": {\"name\": \"trouser meta\", \"object\": \"Red C2 CARGO\", \"fields\": [\"Stock\"]}}]"
  }
},
{
  "model": "admin.logentry",
  "pk": 48,
  "fields": {
    "action_time": "2020-11-12T13:40:56.236Z",
    "user": 1,
    "content_type": 9,
    "object_id": "1",
    "object_repr": "C2 CARGO",
    "action_flag": 2,
    "change_message": "[{\"changed\": {\"name\": \"trouser meta\", \"object\": \"Red C2 CARGO\", \"fields\": [\"Stock\"]}}]"
  }
},
{
  "model": "admin.logentry",
  "pk": 49,
  "fields": {
    "action_time": "2020-11-12T13:41:13.320Z",
    "user": 1,
    "content_type": 9,
    "object_id": "1",
    "object_repr": "C2 CARGO",
    "action_flag": 2,
    "change_message": "[]"
  }
},
{
  "model": "admin.logentry",
  "pk": 50,
  "fields": {
    "action_time": "2020-11-12T13:54:45.304Z",
    "user": 1,
    "content_type": 9,
    "object_id": "1",
    "object_repr": "C2 CARGO",
    "action_flag": 2,
    "change_message": "[{\"changed\": {\"name\": \"trouser meta\", \"object\": \"Red C2 CARGO\", \"fields\": [\"Stock\"]}}]"
  }
},
{
  "model": "admin.logentry",
  "pk": 51,
  "fields": {
    "action_time": "2020-11-12T15:54:31.532Z",
    "user": 1,
    "content_type": 9,
    "object_id": "1",
    "object_repr": "C2 CARGO",
    "action_flag": 2,
    "change_message": "[{\"changed\": {\"name\": \"trouser meta\", \"object\": \"Black C2 CARGO\", \"fields\": [\"Stock\"]}}]"
  }
},
{
  "model": "admin.logentry",
  "pk": 52,
  "fields": {
    "action_time": "2020-11-12T15:55:38.132Z",
    "user": 1,
    "content_type": 9,
    "object_id": "1",
    "object_repr": "C2 CARGO",
    "action_flag": 2,
    "change_message": "[{\"changed\": {\"name\": \"trouser meta\", \"object\": \"Red C2 CARGO\", \"fields\": [\"Stock\"]}}]"
  }
},
{
  "model": "admin.logentry",
  "pk": 53,
  "fields": {
    "action_time": "2020-11-12T15:55:58.988Z",
    "user": 1,
    "content_type": 9,
    "object_id": "1",
    "object_repr": "C2 CARGO",
    "action_flag": 2,
    "change_message": "[{\"changed\": {\"name\": \"trouser meta\", \"object\": \"Red C2 CARGO\", \"fields\": [\"Stock\"]}}]"
  }
},
{
  "model": "admin.logentry",
  "pk": 54,
  "fields": {
    "action_time": "2020-11-12T15:56:17.493Z",
    "user": 1,
    "content_type": 9,
    "object_id": "1",
    "object_repr": "C2 CARGO",
    "action_flag": 2,
    "change_message": "[{\"changed\": {\"name\": \"trouser meta\", \"object\": \"Red C2 CARGO\", \"fields\": [\"Stock\"]}}]"
  }
},
{
  "model": "admin.logentry",
  "pk": 55,
  "fields": {
    "action_time": "2020-11-12T15:58:41.712Z",
    "user": 1,
    "content_type": 9,
    "object_id": "1",
    "object_repr": "C2 CARGO",
    "action_flag": 2,
    "change_message": "[{\"changed\": {\"name\": \"trouser meta\", \"object\": \"Red C2 CARGO\", \"fields\": [\"Stock\"]}}]"
  }
},
{
  "model": "admin.logentry",
  "pk": 56,
  "fields": {
    "action_time": "2020-11-12T15:59:42.679Z",
    "user": 1,
    "content_type": 9,
    "object_id": "1",
    "object_repr": "C2 CARGO",
    "action_flag": 2,
    "change_message": "[{\"changed\": {\"name\": \"trouser meta\", \"object\": \"Red C2 CARGO\", \"fields\": [\"Stock\"]}}]"
  }
},
{
  "model": "admin.logentry",
  "pk": 57,
  "fields": {
    "action_time": "2020-11-12T16:00:08.140Z",
    "user": 1,
    "content_type": 9,
    "object_id": "1",
    "object_repr": "C2 CARGO",
    "action_flag": 2,
    "change_message": "[{\"added\": {\"name\": \"trouser meta\", \"object\": \"Red C2 CARGO\"}}]"
  }
},
{
  "model": "admin.logentry",
  "pk": 58,
  "fields": {
    "action_time": "2020-11-12T16:00:40.147Z",
    "user": 1,
    "content_type": 9,
    "object_id": "1",
    "object_repr": "C2 CARGO",
    "action_flag": 2,
    "change_message": "[{\"changed\": {\"name\": \"trouser meta\", \"object\": \"Red C2 CARGO\", \"fields\": [\"Stock\"]}}]"
  }
},
{
  "model": "admin.logentry",
  "pk": 59,
  "fields": {
    "action_time": "2020-11-12T16:14:29.410Z",
    "user": 1,
    "content_type": 9,
    "object_id": "1",
    "object_repr": "C2 CARGO",
    "action_flag": 2,
    "change_message": "[{\"changed\": {\"name\": \"trouser variant\", \"object\": \"Red C2 CARGO\", \"fields\": [\"Price\"]}}]"
  }
},
{
  "model": "admin.logentry",
  "pk": 60,
  "fields": {
    "action_time": "2020-11-12T16:16:02.438Z",
    "user": 1,
    "content_type": 9,
    "object_id": "1",
    "object_repr": "C2 CARGO",
    "action_flag": 2,
    "change_message": "[{\"changed\": {\"name\": \"trouser variant\", \"object\": \"Red C2 CARGO\", \"fields\": [\"Price\"]}}, {\"changed\": {\"name\": \"trouser meta\", \"object\": \"Red C2 CARGO\", \"fields\": [\"Stock\"]}}]"
  }
},
{
  "model": "admin.logentry",
  "pk": 61,
  "fields": {
    "action_time": "2020-11-12T17:14:18.920Z",
    "user": 1,
    "content_type": 9,
    "object_id": "1",
    "object_repr": "C2 CARGO",
    "action_flag": 2,
    "change_message": "[{\"added\": {\"name\": \"trouser meta\", \"object\": \"Red C2 CARGO\"}}]"
  }
},
{
  "model": "admin.logentry",
  "pk": 62,
  "fields": {
    "action_time": "2020-11-12T17:15:56.500Z",
    "user": 1,
    "content_type": 9,
    "object_id": "1",
    "object_repr": "C2 CARGO",
    "action_flag": 2,
    "change_message": "[{\"changed\": {\"name\": \"trouser variant\", \"object\": \"Red C2 CARGO\", \"fields\": [\"Price\"]}}]"
  }
},
{
  "model": "admin.logentry",
  "pk": 63,
  "fields": {
    "action_time": "2020-11-12T17:20:05.702Z",
    "user": 1,
    "content_type": 9,
    "object_id": "1",
    "object_repr": "C2 CARGO",
    "action_flag": 2,
    "change_message": "[]"
  }
},
{
  "model": "admin.logentry",
  "pk": 64,
  "fields": {
    "action_time": "2020-11-13T10:36:57.969Z",
    "user": 1,
    "content_type": 14,
    "object_id": "29",
    "object_repr": "oraegbucharlesc@gmail.com",
    "action_flag": 3,
    "change_message": ""
  }
},
{
  "model": "admin.logentry",
  "pk": 65,
  "fields": {
    "action_time": "2020-11-14T06:42:19.483Z",
    "user": 1,
    "content_type": 14,
    "object_id": "30",
    "object_repr": "oraegbucharlesc@gmail.com",
    "action_flag": 2,
    "change_message": "[]"
  }
},
{
  "model": "admin.logentry",
  "pk": 66,
  "fields": {
    "action_time": "2020-11-14T06:45:51.798Z",
    "user": 1,
    "content_type": 14,
    "object_id": "31",
    "object_repr": "temidayo2011@gmail.com",
    "action_flag": 1,
    "change_message": "[{\"added\": {}}]"
  }
},
{
  "model": "admin.logentry",
  "pk": 67,
  "fields": {
    "action_time": "2020-11-14T06:46:36.230Z",
    "user": 1,
    "content_type": 14,
    "object_id": "31",
    "object_repr": "temidayo2011@gmail.com",
    "action_flag": 2,
    "change_message": "[{\"changed\": {\"fields\": [\"First name\", \"Last name\"]}}]"
  }
},
{
  "model": "admin.logentry",
  "pk": 68,
  "fields": {
    "action_time": "2020-11-14T06:47:10.667Z",
    "user": 1,
    "content_type": 27,
    "object_id": "2",
    "object_repr": "oraegbucharlesc@gmail.com",
    "action_flag": 1,
    "change_message": "[{\"added\": {}}]"
  }
},
{
  "model": "admin.logentry",
  "pk": 69,
  "fields": {
    "action_time": "2020-11-15T08:11:08.606Z",
    "user": 1,
    "content_type": 28,
    "object_id": "4",
    "object_repr": "Champagne",
    "action_flag": 3,
    "change_message": ""
  }
},
{
  "model": "admin.logentry",
  "pk": 70,
  "fields": {
    "action_time": "2020-11-15T08:11:08.747Z",
    "user": 1,
    "content_type": 28,
    "object_id": "3",
    "object_repr": "Champagne",
    "action_flag": 3,
    "change_message": ""
  }
},
{
  "model": "admin.logentry",
  "pk": 71,
  "fields": {
    "action_time": "2020-11-15T08:11:08.891Z",
    "user": 1,
    "content_type": 28,
    "object_id": "2",
    "object_repr": "Champagne",
    "action_flag": 3,
    "change_message": ""
  }
},
{
  "model": "admin.logentry",
  "pk": 72,
  "fields": {
    "action_time": "2020-11-15T08:11:09.063Z",
    "user": 1,
    "content_type": 28,
    "object_id": "1",
    "object_repr": "Champagne",
    "action_flag": 3,
    "change_message": ""
  }
},
{
  "model": "admin.logentry",
  "pk": 73,
  "fields": {
    "action_time": "2020-11-15T08:21:14.967Z",
    "user": 1,
    "content_type": 28,
    "object_id": "6",
    "object_repr": "Champagne",
    "action_flag": 3,
    "change_message": ""
  }
},
{
  "model": "admin.logentry",
  "pk": 74,
  "fields": {
    "action_time": "2020-11-15T08:21:15.108Z",
    "user": 1,
    "content_type": 28,
    "object_id": "5",
    "object_repr": "Champagne",
    "action_flag": 3,
    "change_message": ""
  }
},
{
  "model": "admin.logentry",
  "pk": 75,
  "fields": {
    "action_time": "2020-11-15T08:25:05.710Z",
    "user": 1,
    "content_type": 28,
    "object_id": "2",
    "object_repr": "Champagne",
    "action_flag": 1,
    "change_message": "[{\"added\": {}}]"
  }
},
{
  "model": "admin.logentry",
  "pk": 76,
  "fields": {
    "action_time": "2020-11-15T08:26:02.732Z",
    "user": 1,
    "content_type": 28,
    "object_id": "2",
    "object_repr": "Champagne",
    "action_flag": 3,
    "change_message": ""
  }
},
{
  "model": "admin.logentry",
  "pk": 77,
  "fields": {
    "action_time": "2020-11-15T08:30:15.470Z",
    "user": 1,
    "content_type": 28,
    "object_id": "2",
    "object_repr": "13, Esanogbogun street",
    "action_flag": 1,
    "change_message": "[{\"added\": {}}]"
  }
},
{
  "model": "admin.logentry",
  "pk": 78,
  "fields": {
    "action_time": "2020-11-15T08:30:43.969Z",
    "user": 1,
    "content_type": 28,
    "object_id": "2",
    "object_repr": "13, Esanogbogun street",
    "action_flag": 3,
    "change_message": ""
  }
},
{
  "model": "admin.logentry",
  "pk": 79,
  "fields": {
    "action_time": "2020-11-15T08:34:35.049Z",
    "user": 1,
    "content_type": 28,
    "object_id": "2",
    "object_repr": "13, Esanogbogun street",
    "action_flag": 1,
    "change_message": "[{\"added\": {}}]"
  }
},
{
  "model": "admin.logentry",
  "pk": 80,
  "fields": {
    "action_time": "2020-11-15T08:34:51.636Z",
    "user": 1,
    "content_type": 28,
    "object_id": "2",
    "object_repr": "13, Esanogbogun street",
    "action_flag": 3,
    "change_message": ""
  }
},
{
  "model": "admin.logentry",
  "pk": 81,
  "fields": {
    "action_time": "2020-11-17T01:30:41.089Z",
    "user": 1,
    "content_type": 29,
    "object_id": "1",
    "object_repr": "y0kbpg0u7k",
    "action_flag": 3,
    "change_message": ""
  }
},
{
  "model": "admin.logentry",
  "pk": 82,
  "fields": {
    "action_time": "2020-11-17T02:52:29.840Z",
    "user": 1,
    "content_type": 29,
    "object_id": "9",
    "object_repr": "40H9C8FAVU",
    "action_flag": 3,
    "change_message": ""
  }
},
{
  "model": "admin.logentry",
  "pk": 83,
  "fields": {
    "action_time": "2020-11-17T02:52:29.956Z",
    "user": 1,
    "content_type": 29,
    "object_id": "8",
    "object_repr": "38Y8UWS2KT",
    "action_flag": 3,
    "change_message": ""
  }
},
{
  "model": "admin.logentry",
  "pk": 84,
  "fields": {
    "action_time": "2020-11-17T02:52:30.021Z",
    "user": 1,
    "content_type": 29,
    "object_id": "7",
    "object_repr": "4WFM7EOKNL",
    "action_flag": 3,
    "change_message": ""
  }
},
{
  "model": "admin.logentry",
  "pk": 85,
  "fields": {
    "action_time": "2020-11-17T02:52:30.171Z",
    "user": 1,
    "content_type": 29,
    "object_id": "6",
    "object_repr": "RIYNBYVX2I",
    "action_flag": 3,
    "change_message": ""
  }
},
{
  "model": "admin.logentry",
  "pk": 86,
  "fields": {
    "action_time": "2020-11-17T02:52:30.271Z",
    "user": 1,
    "content_type": 29,
    "object_id": "5",
    "object_repr": "4XU4ZY9G9D",
    "action_flag": 3,
    "change_message": ""
  }
},
{
  "model": "admin.logentry",
  "pk": 87,
  "fields": {
    "action_time": "2020-11-17T02:52:30.425Z",
    "user": 1,
    "content_type": 29,
    "object_id": "4",
    "object_repr": "BBDTH6I673",
    "action_flag": 3,
    "change_message": ""
  }
},
{
  "model": "admin.logentry",
  "pk": 88,
  "fields": {
    "action_time": "2020-11-17T02:52:30.589Z",
    "user": 1,
    "content_type": 29,
    "object_id": "3",
    "object_repr": "6BZ81RYCE7",
    "action_flag": 3,
    "change_message": ""
  }
},
{
  "model": "admin.logentry",
  "pk": 89,
  "fields": {
    "action_time": "2020-11-17T02:52:30.723Z",
    "user": 1,
    "content_type": 29,
    "object_id": "2",
    "object_repr": "6RLFFNNLGN",
    "action_flag": 3,
    "change_message": ""
  }
},
{
  "model": "admin.logentry",
  "pk": 90,
  "fields": {
    "action_time": "2020-11-17T03:13:06.972Z",
    "user": 1,
    "content_type": 29,
    "object_id": "10",
    "object_repr": "FCIRYHZC4X",
    "action_flag": 2,
    "change_message": "[{\"changed\": {\"fields\": [\"Shipping address final\"]}}]"
  }
},
{
  "model": "admin.logentry",
  "pk": 91,
  "fields": {
    "action_time": "2020-11-18T09:03:55.448Z",
    "user": 1,
    "content_type": 28,
    "object_id": "4",
    "object_repr": "Papi",
    "action_flag": 3,
    "change_message": ""
  }
},
{
  "model": "admin.logentry",
  "pk": 92,
  "fields": {
    "action_time": "2020-11-18T09:07:23.820Z",
    "user": 1,
    "content_type": 28,
    "object_id": "5",
    "object_repr": "Papi",
    "action_flag": 3,
    "change_message": ""
  }
},
{
  "model": "admin.logentry",
  "pk": 93,
  "fields": {
    "action_time": "2020-11-18T17:25:08.384Z",
    "user": 1,
    "content_type": 29,
    "object_id": "13",
    "object_repr": "NIS7U4J0OZ",
    "action_flag": 3,
    "change_message": ""
  }
},
{
  "model": "admin.logentry",
  "pk": 94,
  "fields": {
    "action_time": "2020-11-18T17:25:19.927Z",
    "user": 1,
    "content_type": 29,
    "object_id": "12",
    "object_repr": "HCT54ZTXFN",
    "action_flag": 3,
    "change_message": ""
  }
},
{
  "model": "admin.logentry",
  "pk": 95,
  "fields": {
    "action_time": "2020-11-18T17:25:34.758Z",
    "user": 1,
    "content_type": 29,
    "object_id": "11",
    "object_repr": "T7QQSRZI61",
    "action_flag": 3,
    "change_message": ""
  }
},
{
  "model": "admin.logentry",
  "pk": 96,
  "fields": {
    "action_time": "2020-11-18T17:29:08.941Z",
    "user": 1,
    "content_type": 29,
    "object_id": "14",
    "object_repr": "AKMWJPCWZ4",
    "action_flag": 3,
    "change_message": ""
  }
},
{
  "model": "admin.logentry",
  "pk": 97,
  "fields": {
    "action_time": "2020-11-18T17:29:09.082Z",
    "user": 1,
    "content_type": 29,
    "object_id": "10",
    "object_repr": "FCIRYHZC4X",
    "action_flag": 3,
    "change_message": ""
  }
},
{
  "model": "admin.logentry",
  "pk": 98,
  "fields": {
    "action_time": "2020-11-18T17:39:39.340Z",
    "user": 1,
    "content_type": 28,
    "object_id": "7",
    "object_repr": "Kino",
    "action_flag": 3,
    "change_message": ""
  }
},
{
  "model": "admin.logentry",
  "pk": 99,
  "fields": {
    "action_time": "2020-11-20T10:29:48.644Z",
    "user": 1,
    "content_type": 7,
    "object_id": "2",
    "object_repr": "/collections/ ---> /categories/collections/",
    "action_flag": 1,
    "change_message": "[{\"added\": {}}]"
  }
},
{
  "model": "admin.logentry",
  "pk": 100,
  "fields": {
    "action_time": "2020-11-20T10:30:21.968Z",
    "user": 1,
    "content_type": 7,
    "object_id": "2",
    "object_repr": "/shop/collections/ ---> /shop/categories/collections/",
    "action_flag": 2,
    "change_message": "[{\"changed\": {\"fields\": [\"Redirect from\", \"Redirect to\"]}}]"
  }
},
{
  "model": "admin.logentry",
  "pk": 101,
  "fields": {
    "action_time": "2020-11-20T10:31:47.608Z",
    "user": 1,
    "content_type": 7,
    "object_id": "2",
    "object_repr": "/shop/collections/ ---> /shop/categories/collections/",
    "action_flag": 2,
    "change_message": "[]"
  }
},
{
  "model": "admin.logentry",
  "pk": 102,
  "fields": {
    "action_time": "2020-11-20T10:31:48.146Z",
    "user": 1,
    "content_type": 7,
    "object_id": "2",
    "object_repr": "/shop/collections/ ---> /shop/categories/collections/",
    "action_flag": 2,
    "change_message": "[]"
  }
},
{
  "model": "admin.logentry",
  "pk": 103,
  "fields": {
    "action_time": "2020-11-20T12:20:03.132Z",
    "user": 1,
    "content_type": 29,
    "object_id": "17",
    "object_repr": "1HUXMF1F0Z",
    "action_flag": 3,
    "change_message": ""
  }
},
{
  "model": "admin.logentry",
  "pk": 104,
  "fields": {
    "action_time": "2020-11-20T19:29:13.477Z",
    "user": 1,
    "content_type": 26,
    "object_id": "5",
    "object_repr": "fasholaterrzz@gmail.com",
    "action_flag": 3,
    "change_message": ""
  }
},
{
  "model": "admin.logentry",
  "pk": 105,
  "fields": {
    "action_time": "2020-11-20T19:29:13.616Z",
    "user": 1,
    "content_type": 26,
    "object_id": "4",
    "object_repr": "fasholaterrzz@gmail.com",
    "action_flag": 3,
    "change_message": ""
  }
},
{
  "model": "admin.logentry",
  "pk": 106,
  "fields": {
    "action_time": "2020-11-20T19:29:13.738Z",
    "user": 1,
    "content_type": 26,
    "object_id": "3",
    "object_repr": "fasholaterrzz@gmail.com",
    "action_flag": 3,
    "change_message": ""
  }
},
{
  "model": "admin.logentry",
  "pk": 107,
  "fields": {
    "action_time": "2020-11-20T19:29:13.836Z",
    "user": 1,
    "content_type": 26,
    "object_id": "2",
    "object_repr": "fasholaterrzz@gmail.com",
    "action_flag": 3,
    "change_message": ""
  }
},
{
  "model": "admin.logentry",
  "pk": 108,
  "fields": {
    "action_time": "2020-11-20T19:29:13.982Z",
    "user": 1,
    "content_type": 26,
    "object_id": "1",
    "object_repr": "fasholaterrzz@gmail.com",
    "action_flag": 3,
    "change_message": ""
  }
},
{
  "model": "admin.logentry",
  "pk": 109,
  "fields": {
    "action_time": "2020-11-20T19:30:10.196Z",
    "user": 1,
    "content_type": 27,
    "object_id": "4",
    "object_repr": "fasholaterrzz@gmail.com",
    "action_flag": 3,
    "change_message": ""
  }
},
{
  "model": "admin.logentry",
  "pk": 110,
  "fields": {
    "action_time": "2020-11-20T20:15:58.872Z",
    "user": 1,
    "content_type": 26,
    "object_id": "5",
    "object_repr": "",
    "action_flag": 3,
    "change_message": ""
  }
},
{
  "model": "admin.logentry",
  "pk": 111,
  "fields": {
    "action_time": "2020-11-21T12:20:33.654Z",
    "user": 1,
    "content_type": 29,
    "object_id": "18",
    "object_repr": "6J80IOUHAL",
    "action_flag": 3,
    "change_message": ""
  }
},
{
  "model": "admin.logentry",
  "pk": 112,
  "fields": {
    "action_time": "2020-11-21T12:20:42.835Z",
    "user": 1,
    "content_type": 29,
    "object_id": "16",
    "object_repr": "2L45VYEBEN",
    "action_flag": 3,
    "change_message": ""
  }
},
{
  "model": "admin.logentry",
  "pk": 113,
  "fields": {
    "action_time": "2020-11-22T12:45:10.745Z",
    "user": 1,
    "content_type": 7,
    "object_id": "2",
    "object_repr": "shop/collections/ ---> /shop/categories/collections/",
    "action_flag": 2,
    "change_message": "[{\"changed\": {\"fields\": [\"Redirect from\"]}}]"
  }
},
{
  "model": "admin.logentry",
  "pk": 114,
  "fields": {
    "action_time": "2020-11-22T12:46:04.251Z",
    "user": 1,
    "content_type": 7,
    "object_id": "2",
    "object_repr": "/shop/collections/ ---> /shop/categories/collections/",
    "action_flag": 2,
    "change_message": "[{\"changed\": {\"fields\": [\"Redirect from\"]}}]"
  }
},
{
  "model": "admin.logentry",
  "pk": 115,
  "fields": {
    "action_time": "2020-11-24T00:15:09.750Z",
    "user": 1,
    "content_type": 9,
    "object_id": "3",
    "object_repr": "C25 CARGO",
    "action_flag": 1,
    "change_message": "[{\"added\": {}}, {\"added\": {\"name\": \"trouser variant\", \"object\": \"Yellow C25 CARGO\"}}, {\"added\": {\"name\": \"trouser meta\", \"object\": \"Yellow C25 CARGO\"}}, {\"added\": {\"name\": \"image\", \"object\": \"Yellow C25 CARGO\"}}]"
  }
},
{
  "model": "admin.logentry",
  "pk": 116,
  "fields": {
    "action_time": "2020-11-24T00:17:38.129Z",
    "user": 1,
    "content_type": 9,
    "object_id": "4",
    "object_repr": "N15 CARGO",
    "action_flag": 1,
    "change_message": "[{\"added\": {}}, {\"added\": {\"name\": \"trouser variant\", \"object\": \"Navy N15 CARGO\"}}, {\"added\": {\"name\": \"trouser meta\", \"object\": \"Navy N15 CARGO\"}}, {\"added\": {\"name\": \"image\", \"object\": \"Navy N15 CARGO\"}}]"
  }
},
{
  "model": "admin.logentry",
  "pk": 117,
  "fields": {
    "action_time": "2020-11-24T00:20:06.485Z",
    "user": 1,
    "content_type": 9,
    "object_id": "5",
    "object_repr": "N12 CAEGO",
    "action_flag": 1,
    "change_message": "[{\"added\": {}}, {\"added\": {\"name\": \"trouser variant\", \"object\": \"Gold N12 CAEGO\"}}, {\"added\": {\"name\": \"trouser meta\", \"object\": \"Gold N12 CAEGO\"}}]"
  }
},
{
  "model": "admin.logentry",
  "pk": 118,
  "fields": {
    "action_time": "2020-11-24T00:21:23.862Z",
    "user": 1,
    "content_type": 9,
    "object_id": "6",
    "object_repr": "C88 COTTON",
    "action_flag": 1,
    "change_message": "[{\"added\": {}}, {\"added\": {\"name\": \"trouser variant\", \"object\": \"Peachpuff C88 COTTON\"}}, {\"added\": {\"name\": \"trouser meta\", \"object\": \"Peachpuff C88 COTTON\"}}]"
  }
},
{
  "model": "admin.logentry",
  "pk": 119,
  "fields": {
    "action_time": "2020-11-24T00:23:29.251Z",
    "user": 1,
    "content_type": 9,
    "object_id": "5",
    "object_repr": "N12 CAEGO",
    "action_flag": 2,
    "change_message": "[{\"added\": {\"name\": \"trouser variant\", \"object\": \"Darkkhaki N12 CAEGO\"}}, {\"added\": {\"name\": \"image\", \"object\": \"Gold N12 CAEGO\"}}]"
  }
},
{
  "model": "admin.logentry",
  "pk": 120,
  "fields": {
    "action_time": "2020-11-24T00:24:12.895Z",
    "user": 1,
    "content_type": 9,
    "object_id": "6",
    "object_repr": "C88 COTTON",
    "action_flag": 2,
    "change_message": "[{\"added\": {\"name\": \"image\", \"object\": \"Peachpuff C88 COTTON\"}}]"
  }
},
{
  "model": "admin.logentry",
  "pk": 121,
  "fields": {
    "action_time": "2020-11-24T00:24:32.054Z",
    "user": 1,
    "content_type": 9,
    "object_id": "5",
    "object_repr": "N12 CARGO",
    "action_flag": 2,
    "change_message": "[{\"changed\": {\"fields\": [\"Name\"]}}]"
  }
},
{
  "model": "admin.logentry",
  "pk": 122,
  "fields": {
    "action_time": "2020-11-24T00:27:19.457Z",
    "user": 1,
    "content_type": 9,
    "object_id": "7",
    "object_repr": "N22 CARGO",
    "action_flag": 1,
    "change_message": "[{\"added\": {}}, {\"added\": {\"name\": \"trouser variant\", \"object\": \"Lavender N22 CARGO\"}}, {\"added\": {\"name\": \"trouser meta\", \"object\": \"Lavender N22 CARGO\"}}, {\"added\": {\"name\": \"image\", \"object\": \"Lavender N22 CARGO\"}}]"
  }
},
{
  "model": "admin.logentry",
  "pk": 123,
  "fields": {
    "action_time": "2020-11-24T00:28:53.122Z",
    "user": 1,
    "content_type": 9,
    "object_id": "8",
    "object_repr": "CC13 CARGO",
    "action_flag": 1,
    "change_message": "[{\"added\": {}}, {\"added\": {\"name\": \"trouser variant\", \"object\": \"Orchid CC13 CARGO\"}}, {\"added\": {\"name\": \"trouser meta\", \"object\": \"Orchid CC13 CARGO\"}}, {\"added\": {\"name\": \"image\", \"object\": \"Orchid CC13 CARGO\"}}]"
  }
},
{
  "model": "admin.logentry",
  "pk": 124,
  "fields": {
    "action_time": "2020-11-24T00:29:57.231Z",
    "user": 1,
    "content_type": 9,
    "object_id": "9",
    "object_repr": "C50",
    "action_flag": 1,
    "change_message": "[{\"added\": {}}, {\"added\": {\"name\": \"trouser variant\", \"object\": \"Seagreen C50\"}}, {\"added\": {\"name\": \"trouser meta\", \"object\": \"Seagreen C50\"}}, {\"added\": {\"name\": \"image\", \"object\": \"Seagreen C50\"}}]"
  }
},
{
  "model": "admin.logentry",
  "pk": 125,
  "fields": {
    "action_time": "2020-11-24T00:31:05.992Z",
    "user": 1,
    "content_type": 9,
    "object_id": "10",
    "object_repr": "T15 CARGO LTD",
    "action_flag": 1,
    "change_message": "[{\"added\": {}}, {\"added\": {\"name\": \"trouser variant\", \"object\": \"Lightseagreen T15 CARGO LTD\"}}, {\"added\": {\"name\": \"trouser meta\", \"object\": \"Lightseagreen T15 CARGO LTD\"}}, {\"added\": {\"name\": \"image\", \"object\": \"Lightseagreen T15 CARGO LTD\"}}]"
  }
},
{
  "model": "admin.logentry",
  "pk": 126,
  "fields": {
    "action_time": "2020-11-24T01:03:41.702Z",
    "user": 1,
    "content_type": 9,
    "object_id": "9",
    "object_repr": "C50 CARGO",
    "action_flag": 2,
    "change_message": "[{\"changed\": {\"fields\": [\"Name\"]}}]"
  }
}
]
